unit_name,display_name,description,faction,is_variable_energy,wind_tidal_speed,energy_output,total_cost,buildtime,metal_efficiency,time_efficiency,metalcost,energycost
armafus,Advanced Fusion Reactor,Produces 3000 Energy (Hazardous),ARM,False,1,3000.0,10685.714285714286,312500,0.2807486631016043,0.0096,9700.0,69000.0
armafus,Advanced Fusion Reactor,Produces 3000 Energy (Hazardous),ARM,False,2,3000.0,10685.714285714286,312500,0.2807486631016043,0.0096,9700.0,69000.0
armafus,Advanced Fusion Reactor,Produces 3000 Energy (Hazardous),ARM,False,3,3000.0,10685.714285714286,312500,0.2807486631016043,0.0096,9700.0,69000.0
armafus,Advanced Fusion Reactor,Produces 3000 Energy (Hazardous),ARM,False,4,3000.0,10685.714285714286,312500,0.2807486631016043,0.0096,9700.0,69000.0
armafus,Advanced Fusion Reactor,Produces 3000 Energy (Hazardous),ARM,False,5,3000.0,10685.714285714286,312500,0.2807486631016043,0.0096,9700.0,69000.0
armafus,Advanced Fusion Reactor,Produces 3000 Energy (Hazardous),ARM,False,6,3000.0,10685.714285714286,312500,0.2807486631016043,0.0096,9700.0,69000.0
armafus,Advanced Fusion Reactor,Produces 3000 Energy (Hazardous),ARM,False,7,3000.0,10685.714285714286,312500,0.2807486631016043,0.0096,9700.0,69000.0
armafus,Advanced Fusion Reactor,Produces 3000 Energy (Hazardous),ARM,False,8,3000.0,10685.714285714286,312500,0.2807486631016043,0.0096,9700.0,69000.0
armafus,Advanced Fusion Reactor,Produces 3000 Energy (Hazardous),ARM,False,9,3000.0,10685.714285714286,312500,0.2807486631016043,0.0096,9700.0,69000.0
armafus,Advanced Fusion Reactor,Produces 3000 Energy (Hazardous),ARM,False,10,3000.0,10685.714285714286,312500,0.2807486631016043,0.0096,9700.0,69000.0
armafus,Advanced Fusion Reactor,Produces 3000 Energy (Hazardous),ARM,False,11,3000.0,10685.714285714286,312500,0.2807486631016043,0.0096,9700.0,69000.0
armafus,Advanced Fusion Reactor,Produces 3000 Energy (Hazardous),ARM,False,12,3000.0,10685.714285714286,312500,0.2807486631016043,0.0096,9700.0,69000.0
armafus,Advanced Fusion Reactor,Produces 3000 Energy (Hazardous),ARM,False,13,3000.0,10685.714285714286,312500,0.2807486631016043,0.0096,9700.0,69000.0
armafus,Advanced Fusion Reactor,Produces 3000 Energy (Hazardous),ARM,False,14,3000.0,10685.714285714286,312500,0.2807486631016043,0.0096,9700.0,69000.0
armafus,Advanced Fusion Reactor,Produces 3000 Energy (Hazardous),ARM,False,15,3000.0,10685.714285714286,312500,0.2807486631016043,0.0096,9700.0,69000.0
armafus,Advanced Fusion Reactor,Produces 3000 Energy (Hazardous),ARM,False,16,3000.0,10685.714285714286,312500,0.2807486631016043,0.0096,9700.0,69000.0
armafus,Advanced Fusion Reactor,Produces 3000 Energy (Hazardous),ARM,False,17,3000.0,10685.714285714286,312500,0.2807486631016043,0.0096,9700.0,69000.0
armafus,Advanced Fusion Reactor,Produces 3000 Energy (Hazardous),ARM,False,18,3000.0,10685.714285714286,312500,0.2807486631016043,0.0096,9700.0,69000.0
armafus,Advanced Fusion Reactor,Produces 3000 Energy (Hazardous),ARM,False,19,3000.0,10685.714285714286,312500,0.2807486631016043,0.0096,9700.0,69000.0
armafus,Advanced Fusion Reactor,Produces 3000 Energy (Hazardous),ARM,False,20,3000.0,10685.714285714286,312500,0.2807486631016043,0.0096,9700.0,69000.0
armafus,Advanced Fusion Reactor,Produces 3000 Energy (Hazardous),ARM,False,21,3000.0,10685.714285714286,312500,0.2807486631016043,0.0096,9700.0,69000.0
armafus,Advanced Fusion Reactor,Produces 3000 Energy (Hazardous),ARM,False,22,3000.0,10685.714285714286,312500,0.2807486631016043,0.0096,9700.0,69000.0
armafus,Advanced Fusion Reactor,Produces 3000 Energy (Hazardous),ARM,False,23,3000.0,10685.714285714286,312500,0.2807486631016043,0.0096,9700.0,69000.0
armafus,Advanced Fusion Reactor,Produces 3000 Energy (Hazardous),ARM,False,24,3000.0,10685.714285714286,312500,0.2807486631016043,0.0096,9700.0,69000.0
armafus,Advanced Fusion Reactor,Produces 3000 Energy (Hazardous),ARM,False,25,3000.0,10685.714285714286,312500,0.2807486631016043,0.0096,9700.0,69000.0
armafus,Advanced Fusion Reactor,Produces 3000 Energy (Hazardous),ARM,False,26,3000.0,10685.714285714286,312500,0.2807486631016043,0.0096,9700.0,69000.0
armafus,Advanced Fusion Reactor,Produces 3000 Energy (Hazardous),ARM,False,27,3000.0,10685.714285714286,312500,0.2807486631016043,0.0096,9700.0,69000.0
armafus,Advanced Fusion Reactor,Produces 3000 Energy (Hazardous),ARM,False,28,3000.0,10685.714285714286,312500,0.2807486631016043,0.0096,9700.0,69000.0
armafus,Advanced Fusion Reactor,Produces 3000 Energy (Hazardous),ARM,False,29,3000.0,10685.714285714286,312500,0.2807486631016043,0.0096,9700.0,69000.0
armafus,Advanced Fusion Reactor,Produces 3000 Energy (Hazardous),ARM,False,30,3000.0,10685.714285714286,312500,0.2807486631016043,0.0096,9700.0,69000.0
armageo,Advanced Geothermal Powerplant,Produces 1250 Energy (Hazardous),ARM,False,1,1250.0,1985.7142857142856,33300,0.6294964028776978,0.0375375375375375,1600.0,27000.0
armageo,Advanced Geothermal Powerplant,Produces 1250 Energy (Hazardous),ARM,False,2,1250.0,1985.7142857142856,33300,0.6294964028776978,0.0375375375375375,1600.0,27000.0
armageo,Advanced Geothermal Powerplant,Produces 1250 Energy (Hazardous),ARM,False,3,1250.0,1985.7142857142856,33300,0.6294964028776978,0.0375375375375375,1600.0,27000.0
armageo,Advanced Geothermal Powerplant,Produces 1250 Energy (Hazardous),ARM,False,4,1250.0,1985.7142857142856,33300,0.6294964028776978,0.0375375375375375,1600.0,27000.0
armageo,Advanced Geothermal Powerplant,Produces 1250 Energy (Hazardous),ARM,False,5,1250.0,1985.7142857142856,33300,0.6294964028776978,0.0375375375375375,1600.0,27000.0
armageo,Advanced Geothermal Powerplant,Produces 1250 Energy (Hazardous),ARM,False,6,1250.0,1985.7142857142856,33300,0.6294964028776978,0.0375375375375375,1600.0,27000.0
armageo,Advanced Geothermal Powerplant,Produces 1250 Energy (Hazardous),ARM,False,7,1250.0,1985.7142857142856,33300,0.6294964028776978,0.0375375375375375,1600.0,27000.0
armageo,Advanced Geothermal Powerplant,Produces 1250 Energy (Hazardous),ARM,False,8,1250.0,1985.7142857142856,33300,0.6294964028776978,0.0375375375375375,1600.0,27000.0
armageo,Advanced Geothermal Powerplant,Produces 1250 Energy (Hazardous),ARM,False,9,1250.0,1985.7142857142856,33300,0.6294964028776978,0.0375375375375375,1600.0,27000.0
armageo,Advanced Geothermal Powerplant,Produces 1250 Energy (Hazardous),ARM,False,10,1250.0,1985.7142857142856,33300,0.6294964028776978,0.0375375375375375,1600.0,27000.0
armageo,Advanced Geothermal Powerplant,Produces 1250 Energy (Hazardous),ARM,False,11,1250.0,1985.7142857142856,33300,0.6294964028776978,0.0375375375375375,1600.0,27000.0
armageo,Advanced Geothermal Powerplant,Produces 1250 Energy (Hazardous),ARM,False,12,1250.0,1985.7142857142856,33300,0.6294964028776978,0.0375375375375375,1600.0,27000.0
armageo,Advanced Geothermal Powerplant,Produces 1250 Energy (Hazardous),ARM,False,13,1250.0,1985.7142857142856,33300,0.6294964028776978,0.0375375375375375,1600.0,27000.0
armageo,Advanced Geothermal Powerplant,Produces 1250 Energy (Hazardous),ARM,False,14,1250.0,1985.7142857142856,33300,0.6294964028776978,0.0375375375375375,1600.0,27000.0
armageo,Advanced Geothermal Powerplant,Produces 1250 Energy (Hazardous),ARM,False,15,1250.0,1985.7142857142856,33300,0.6294964028776978,0.0375375375375375,1600.0,27000.0
armageo,Advanced Geothermal Powerplant,Produces 1250 Energy (Hazardous),ARM,False,16,1250.0,1985.7142857142856,33300,0.6294964028776978,0.0375375375375375,1600.0,27000.0
armageo,Advanced Geothermal Powerplant,Produces 1250 Energy (Hazardous),ARM,False,17,1250.0,1985.7142857142856,33300,0.6294964028776978,0.0375375375375375,1600.0,27000.0
armageo,Advanced Geothermal Powerplant,Produces 1250 Energy (Hazardous),ARM,False,18,1250.0,1985.7142857142856,33300,0.6294964028776978,0.0375375375375375,1600.0,27000.0
armageo,Advanced Geothermal Powerplant,Produces 1250 Energy (Hazardous),ARM,False,19,1250.0,1985.7142857142856,33300,0.6294964028776978,0.0375375375375375,1600.0,27000.0
armageo,Advanced Geothermal Powerplant,Produces 1250 Energy (Hazardous),ARM,False,20,1250.0,1985.7142857142856,33300,0.6294964028776978,0.0375375375375375,1600.0,27000.0
armageo,Advanced Geothermal Powerplant,Produces 1250 Energy (Hazardous),ARM,False,21,1250.0,1985.7142857142856,33300,0.6294964028776978,0.0375375375375375,1600.0,27000.0
armageo,Advanced Geothermal Powerplant,Produces 1250 Energy (Hazardous),ARM,False,22,1250.0,1985.7142857142856,33300,0.6294964028776978,0.0375375375375375,1600.0,27000.0
armageo,Advanced Geothermal Powerplant,Produces 1250 Energy (Hazardous),ARM,False,23,1250.0,1985.7142857142856,33300,0.6294964028776978,0.0375375375375375,1600.0,27000.0
armageo,Advanced Geothermal Powerplant,Produces 1250 Energy (Hazardous),ARM,False,24,1250.0,1985.7142857142856,33300,0.6294964028776978,0.0375375375375375,1600.0,27000.0
armageo,Advanced Geothermal Powerplant,Produces 1250 Energy (Hazardous),ARM,False,25,1250.0,1985.7142857142856,33300,0.6294964028776978,0.0375375375375375,1600.0,27000.0
armageo,Advanced Geothermal Powerplant,Produces 1250 Energy (Hazardous),ARM,False,26,1250.0,1985.7142857142856,33300,0.6294964028776978,0.0375375375375375,1600.0,27000.0
armageo,Advanced Geothermal Powerplant,Produces 1250 Energy (Hazardous),ARM,False,27,1250.0,1985.7142857142856,33300,0.6294964028776978,0.0375375375375375,1600.0,27000.0
armageo,Advanced Geothermal Powerplant,Produces 1250 Energy (Hazardous),ARM,False,28,1250.0,1985.7142857142856,33300,0.6294964028776978,0.0375375375375375,1600.0,27000.0
armageo,Advanced Geothermal Powerplant,Produces 1250 Energy (Hazardous),ARM,False,29,1250.0,1985.7142857142856,33300,0.6294964028776978,0.0375375375375375,1600.0,27000.0
armageo,Advanced Geothermal Powerplant,Produces 1250 Energy (Hazardous),ARM,False,30,1250.0,1985.7142857142856,33300,0.6294964028776978,0.0375375375375375,1600.0,27000.0
armadvsol,Advanced Solar Collector,Produces 75 Energy,ARM,False,1,75.0,421.42857142857144,7950,0.1779661016949152,0.0094339622641509,350.0,5000.0
armadvsol,Advanced Solar Collector,Produces 75 Energy,ARM,False,2,75.0,421.42857142857144,7950,0.1779661016949152,0.0094339622641509,350.0,5000.0
armadvsol,Advanced Solar Collector,Produces 75 Energy,ARM,False,3,75.0,421.42857142857144,7950,0.1779661016949152,0.0094339622641509,350.0,5000.0
armadvsol,Advanced Solar Collector,Produces 75 Energy,ARM,False,4,75.0,421.42857142857144,7950,0.1779661016949152,0.0094339622641509,350.0,5000.0
armadvsol,Advanced Solar Collector,Produces 75 Energy,ARM,False,5,75.0,421.42857142857144,7950,0.1779661016949152,0.0094339622641509,350.0,5000.0
armadvsol,Advanced Solar Collector,Produces 75 Energy,ARM,False,6,75.0,421.42857142857144,7950,0.1779661016949152,0.0094339622641509,350.0,5000.0
armadvsol,Advanced Solar Collector,Produces 75 Energy,ARM,False,7,75.0,421.42857142857144,7950,0.1779661016949152,0.0094339622641509,350.0,5000.0
armadvsol,Advanced Solar Collector,Produces 75 Energy,ARM,False,8,75.0,421.42857142857144,7950,0.1779661016949152,0.0094339622641509,350.0,5000.0
armadvsol,Advanced Solar Collector,Produces 75 Energy,ARM,False,9,75.0,421.42857142857144,7950,0.1779661016949152,0.0094339622641509,350.0,5000.0
armadvsol,Advanced Solar Collector,Produces 75 Energy,ARM,False,10,75.0,421.42857142857144,7950,0.1779661016949152,0.0094339622641509,350.0,5000.0
armadvsol,Advanced Solar Collector,Produces 75 Energy,ARM,False,11,75.0,421.42857142857144,7950,0.1779661016949152,0.0094339622641509,350.0,5000.0
armadvsol,Advanced Solar Collector,Produces 75 Energy,ARM,False,12,75.0,421.42857142857144,7950,0.1779661016949152,0.0094339622641509,350.0,5000.0
armadvsol,Advanced Solar Collector,Produces 75 Energy,ARM,False,13,75.0,421.42857142857144,7950,0.1779661016949152,0.0094339622641509,350.0,5000.0
armadvsol,Advanced Solar Collector,Produces 75 Energy,ARM,False,14,75.0,421.42857142857144,7950,0.1779661016949152,0.0094339622641509,350.0,5000.0
armadvsol,Advanced Solar Collector,Produces 75 Energy,ARM,False,15,75.0,421.42857142857144,7950,0.1779661016949152,0.0094339622641509,350.0,5000.0
armadvsol,Advanced Solar Collector,Produces 75 Energy,ARM,False,16,75.0,421.42857142857144,7950,0.1779661016949152,0.0094339622641509,350.0,5000.0
armadvsol,Advanced Solar Collector,Produces 75 Energy,ARM,False,17,75.0,421.42857142857144,7950,0.1779661016949152,0.0094339622641509,350.0,5000.0
armadvsol,Advanced Solar Collector,Produces 75 Energy,ARM,False,18,75.0,421.42857142857144,7950,0.1779661016949152,0.0094339622641509,350.0,5000.0
armadvsol,Advanced Solar Collector,Produces 75 Energy,ARM,False,19,75.0,421.42857142857144,7950,0.1779661016949152,0.0094339622641509,350.0,5000.0
armadvsol,Advanced Solar Collector,Produces 75 Energy,ARM,False,20,75.0,421.42857142857144,7950,0.1779661016949152,0.0094339622641509,350.0,5000.0
armadvsol,Advanced Solar Collector,Produces 75 Energy,ARM,False,21,75.0,421.42857142857144,7950,0.1779661016949152,0.0094339622641509,350.0,5000.0
armadvsol,Advanced Solar Collector,Produces 75 Energy,ARM,False,22,75.0,421.42857142857144,7950,0.1779661016949152,0.0094339622641509,350.0,5000.0
armadvsol,Advanced Solar Collector,Produces 75 Energy,ARM,False,23,75.0,421.42857142857144,7950,0.1779661016949152,0.0094339622641509,350.0,5000.0
armadvsol,Advanced Solar Collector,Produces 75 Energy,ARM,False,24,75.0,421.42857142857144,7950,0.1779661016949152,0.0094339622641509,350.0,5000.0
armadvsol,Advanced Solar Collector,Produces 75 Energy,ARM,False,25,75.0,421.42857142857144,7950,0.1779661016949152,0.0094339622641509,350.0,5000.0
armadvsol,Advanced Solar Collector,Produces 75 Energy,ARM,False,26,75.0,421.42857142857144,7950,0.1779661016949152,0.0094339622641509,350.0,5000.0
armadvsol,Advanced Solar Collector,Produces 75 Energy,ARM,False,27,75.0,421.42857142857144,7950,0.1779661016949152,0.0094339622641509,350.0,5000.0
armadvsol,Advanced Solar Collector,Produces 75 Energy,ARM,False,28,75.0,421.42857142857144,7950,0.1779661016949152,0.0094339622641509,350.0,5000.0
armadvsol,Advanced Solar Collector,Produces 75 Energy,ARM,False,29,75.0,421.42857142857144,7950,0.1779661016949152,0.0094339622641509,350.0,5000.0
armadvsol,Advanced Solar Collector,Produces 75 Energy,ARM,False,30,75.0,421.42857142857144,7950,0.1779661016949152,0.0094339622641509,350.0,5000.0
armgmm,Prude,"Safe Geothermal Powerplant, produces 750 Energy",ARM,False,1,750.0,1507.142857142857,41500,0.4976303317535545,0.0180722891566265,1150.0,25000.0
armgmm,Prude,"Safe Geothermal Powerplant, produces 750 Energy",ARM,False,2,750.0,1507.142857142857,41500,0.4976303317535545,0.0180722891566265,1150.0,25000.0
armgmm,Prude,"Safe Geothermal Powerplant, produces 750 Energy",ARM,False,3,750.0,1507.142857142857,41500,0.4976303317535545,0.0180722891566265,1150.0,25000.0
armgmm,Prude,"Safe Geothermal Powerplant, produces 750 Energy",ARM,False,4,750.0,1507.142857142857,41500,0.4976303317535545,0.0180722891566265,1150.0,25000.0
armgmm,Prude,"Safe Geothermal Powerplant, produces 750 Energy",ARM,False,5,750.0,1507.142857142857,41500,0.4976303317535545,0.0180722891566265,1150.0,25000.0
armgmm,Prude,"Safe Geothermal Powerplant, produces 750 Energy",ARM,False,6,750.0,1507.142857142857,41500,0.4976303317535545,0.0180722891566265,1150.0,25000.0
armgmm,Prude,"Safe Geothermal Powerplant, produces 750 Energy",ARM,False,7,750.0,1507.142857142857,41500,0.4976303317535545,0.0180722891566265,1150.0,25000.0
armgmm,Prude,"Safe Geothermal Powerplant, produces 750 Energy",ARM,False,8,750.0,1507.142857142857,41500,0.4976303317535545,0.0180722891566265,1150.0,25000.0
armgmm,Prude,"Safe Geothermal Powerplant, produces 750 Energy",ARM,False,9,750.0,1507.142857142857,41500,0.4976303317535545,0.0180722891566265,1150.0,25000.0
armgmm,Prude,"Safe Geothermal Powerplant, produces 750 Energy",ARM,False,10,750.0,1507.142857142857,41500,0.4976303317535545,0.0180722891566265,1150.0,25000.0
armgmm,Prude,"Safe Geothermal Powerplant, produces 750 Energy",ARM,False,11,750.0,1507.142857142857,41500,0.4976303317535545,0.0180722891566265,1150.0,25000.0
armgmm,Prude,"Safe Geothermal Powerplant, produces 750 Energy",ARM,False,12,750.0,1507.142857142857,41500,0.4976303317535545,0.0180722891566265,1150.0,25000.0
armgmm,Prude,"Safe Geothermal Powerplant, produces 750 Energy",ARM,False,13,750.0,1507.142857142857,41500,0.4976303317535545,0.0180722891566265,1150.0,25000.0
armgmm,Prude,"Safe Geothermal Powerplant, produces 750 Energy",ARM,False,14,750.0,1507.142857142857,41500,0.4976303317535545,0.0180722891566265,1150.0,25000.0
armgmm,Prude,"Safe Geothermal Powerplant, produces 750 Energy",ARM,False,15,750.0,1507.142857142857,41500,0.4976303317535545,0.0180722891566265,1150.0,25000.0
armgmm,Prude,"Safe Geothermal Powerplant, produces 750 Energy",ARM,False,16,750.0,1507.142857142857,41500,0.4976303317535545,0.0180722891566265,1150.0,25000.0
armgmm,Prude,"Safe Geothermal Powerplant, produces 750 Energy",ARM,False,17,750.0,1507.142857142857,41500,0.4976303317535545,0.0180722891566265,1150.0,25000.0
armgmm,Prude,"Safe Geothermal Powerplant, produces 750 Energy",ARM,False,18,750.0,1507.142857142857,41500,0.4976303317535545,0.0180722891566265,1150.0,25000.0
armgmm,Prude,"Safe Geothermal Powerplant, produces 750 Energy",ARM,False,19,750.0,1507.142857142857,41500,0.4976303317535545,0.0180722891566265,1150.0,25000.0
armgmm,Prude,"Safe Geothermal Powerplant, produces 750 Energy",ARM,False,20,750.0,1507.142857142857,41500,0.4976303317535545,0.0180722891566265,1150.0,25000.0
armgmm,Prude,"Safe Geothermal Powerplant, produces 750 Energy",ARM,False,21,750.0,1507.142857142857,41500,0.4976303317535545,0.0180722891566265,1150.0,25000.0
armgmm,Prude,"Safe Geothermal Powerplant, produces 750 Energy",ARM,False,22,750.0,1507.142857142857,41500,0.4976303317535545,0.0180722891566265,1150.0,25000.0
armgmm,Prude,"Safe Geothermal Powerplant, produces 750 Energy",ARM,False,23,750.0,1507.142857142857,41500,0.4976303317535545,0.0180722891566265,1150.0,25000.0
armgmm,Prude,"Safe Geothermal Powerplant, produces 750 Energy",ARM,False,24,750.0,1507.142857142857,41500,0.4976303317535545,0.0180722891566265,1150.0,25000.0
armgmm,Prude,"Safe Geothermal Powerplant, produces 750 Energy",ARM,False,25,750.0,1507.142857142857,41500,0.4976303317535545,0.0180722891566265,1150.0,25000.0
armgmm,Prude,"Safe Geothermal Powerplant, produces 750 Energy",ARM,False,26,750.0,1507.142857142857,41500,0.4976303317535545,0.0180722891566265,1150.0,25000.0
armgmm,Prude,"Safe Geothermal Powerplant, produces 750 Energy",ARM,False,27,750.0,1507.142857142857,41500,0.4976303317535545,0.0180722891566265,1150.0,25000.0
armgmm,Prude,"Safe Geothermal Powerplant, produces 750 Energy",ARM,False,28,750.0,1507.142857142857,41500,0.4976303317535545,0.0180722891566265,1150.0,25000.0
armgmm,Prude,"Safe Geothermal Powerplant, produces 750 Energy",ARM,False,29,750.0,1507.142857142857,41500,0.4976303317535545,0.0180722891566265,1150.0,25000.0
armgmm,Prude,"Safe Geothermal Powerplant, produces 750 Energy",ARM,False,30,750.0,1507.142857142857,41500,0.4976303317535545,0.0180722891566265,1150.0,25000.0
armwin,Wind Turbine,Produces Energy. Depends on wind strength.,ARM,True,1,1.0,42.5,1600,0.0235294117647058,0.000625,40.0,175.0
armwin,Wind Turbine,Produces Energy. Depends on wind strength.,ARM,True,2,2.0,42.5,1600,0.0470588235294117,0.00125,40.0,175.0
armwin,Wind Turbine,Produces Energy. Depends on wind strength.,ARM,True,3,3.0,42.5,1600,0.0705882352941176,0.001875,40.0,175.0
armwin,Wind Turbine,Produces Energy. Depends on wind strength.,ARM,True,4,4.0,42.5,1600,0.0941176470588235,0.0025,40.0,175.0
armwin,Wind Turbine,Produces Energy. Depends on wind strength.,ARM,True,5,5.0,42.5,1600,0.1176470588235294,0.003125,40.0,175.0
armwin,Wind Turbine,Produces Energy. Depends on wind strength.,ARM,True,6,6.0,42.5,1600,0.1411764705882353,0.00375,40.0,175.0
armwin,Wind Turbine,Produces Energy. Depends on wind strength.,ARM,True,7,7.0,42.5,1600,0.1647058823529411,0.004375,40.0,175.0
armwin,Wind Turbine,Produces Energy. Depends on wind strength.,ARM,True,8,8.0,42.5,1600,0.188235294117647,0.005,40.0,175.0
armwin,Wind Turbine,Produces Energy. Depends on wind strength.,ARM,True,9,9.0,42.5,1600,0.2117647058823529,0.005625,40.0,175.0
armwin,Wind Turbine,Produces Energy. Depends on wind strength.,ARM,True,10,10.0,42.5,1600,0.2352941176470588,0.00625,40.0,175.0
armwin,Wind Turbine,Produces Energy. Depends on wind strength.,ARM,True,11,11.0,42.5,1600,0.2588235294117647,0.006875,40.0,175.0
armwin,Wind Turbine,Produces Energy. Depends on wind strength.,ARM,True,12,12.0,42.5,1600,0.2823529411764706,0.0075,40.0,175.0
armwin,Wind Turbine,Produces Energy. Depends on wind strength.,ARM,True,13,13.0,42.5,1600,0.3058823529411765,0.008125,40.0,175.0
armwin,Wind Turbine,Produces Energy. Depends on wind strength.,ARM,True,14,14.0,42.5,1600,0.3294117647058823,0.00875,40.0,175.0
armwin,Wind Turbine,Produces Energy. Depends on wind strength.,ARM,True,15,15.0,42.5,1600,0.3529411764705882,0.009375,40.0,175.0
armwin,Wind Turbine,Produces Energy. Depends on wind strength.,ARM,True,16,16.0,42.5,1600,0.3764705882352941,0.01,40.0,175.0
armwin,Wind Turbine,Produces Energy. Depends on wind strength.,ARM,True,17,17.0,42.5,1600,0.4,0.010625,40.0,175.0
armwin,Wind Turbine,Produces Energy. Depends on wind strength.,ARM,True,18,18.0,42.5,1600,0.4235294117647059,0.01125,40.0,175.0
armwin,Wind Turbine,Produces Energy. Depends on wind strength.,ARM,True,19,19.0,42.5,1600,0.4470588235294118,0.011875,40.0,175.0
armwin,Wind Turbine,Produces Energy. Depends on wind strength.,ARM,True,20,20.0,42.5,1600,0.4705882352941176,0.0125,40.0,175.0
armwin,Wind Turbine,Produces Energy. Depends on wind strength.,ARM,True,21,21.0,42.5,1600,0.4941176470588235,0.013125,40.0,175.0
armwin,Wind Turbine,Produces Energy. Depends on wind strength.,ARM,True,22,22.0,42.5,1600,0.5176470588235295,0.01375,40.0,175.0
armwin,Wind Turbine,Produces Energy. Depends on wind strength.,ARM,True,23,23.0,42.5,1600,0.5411764705882353,0.014375,40.0,175.0
armwin,Wind Turbine,Produces Energy. Depends on wind strength.,ARM,True,24,24.0,42.5,1600,0.5647058823529412,0.015,40.0,175.0
armwin,Wind Turbine,Produces Energy. Depends on wind strength.,ARM,True,25,25.0,42.5,1600,0.5882352941176471,0.015625,40.0,175.0
armwin,Wind Turbine,Produces Energy. Depends on wind strength.,ARM,True,26,26.0,42.5,1600,0.611764705882353,0.01625,40.0,175.0
armwin,Wind Turbine,Produces Energy. Depends on wind strength.,ARM,True,27,27.0,42.5,1600,0.6352941176470588,0.016875,40.0,175.0
armwin,Wind Turbine,Produces Energy. Depends on wind strength.,ARM,True,28,28.0,42.5,1600,0.6588235294117647,0.0175,40.0,175.0
armwin,Wind Turbine,Produces Energy. Depends on wind strength.,ARM,True,29,29.0,42.5,1600,0.6823529411764706,0.018125,40.0,175.0
armwin,Wind Turbine,Produces Energy. Depends on wind strength.,ARM,True,30,30.0,42.5,1600,0.7058823529411765,0.01875,40.0,175.0
armckfus,Cloakable Fusion Reactor,Produces 1050 Energy,ARM,False,1,1050.0,5071.428571428572,84400,0.2070422535211267,0.0124407582938388,4700.0,26000.0
armckfus,Cloakable Fusion Reactor,Produces 1050 Energy,ARM,False,2,1050.0,5071.428571428572,84400,0.2070422535211267,0.0124407582938388,4700.0,26000.0
armckfus,Cloakable Fusion Reactor,Produces 1050 Energy,ARM,False,3,1050.0,5071.428571428572,84400,0.2070422535211267,0.0124407582938388,4700.0,26000.0
armckfus,Cloakable Fusion Reactor,Produces 1050 Energy,ARM,False,4,1050.0,5071.428571428572,84400,0.2070422535211267,0.0124407582938388,4700.0,26000.0
armckfus,Cloakable Fusion Reactor,Produces 1050 Energy,ARM,False,5,1050.0,5071.428571428572,84400,0.2070422535211267,0.0124407582938388,4700.0,26000.0
armckfus,Cloakable Fusion Reactor,Produces 1050 Energy,ARM,False,6,1050.0,5071.428571428572,84400,0.2070422535211267,0.0124407582938388,4700.0,26000.0
armckfus,Cloakable Fusion Reactor,Produces 1050 Energy,ARM,False,7,1050.0,5071.428571428572,84400,0.2070422535211267,0.0124407582938388,4700.0,26000.0
armckfus,Cloakable Fusion Reactor,Produces 1050 Energy,ARM,False,8,1050.0,5071.428571428572,84400,0.2070422535211267,0.0124407582938388,4700.0,26000.0
armckfus,Cloakable Fusion Reactor,Produces 1050 Energy,ARM,False,9,1050.0,5071.428571428572,84400,0.2070422535211267,0.0124407582938388,4700.0,26000.0
armckfus,Cloakable Fusion Reactor,Produces 1050 Energy,ARM,False,10,1050.0,5071.428571428572,84400,0.2070422535211267,0.0124407582938388,4700.0,26000.0
armckfus,Cloakable Fusion Reactor,Produces 1050 Energy,ARM,False,11,1050.0,5071.428571428572,84400,0.2070422535211267,0.0124407582938388,4700.0,26000.0
armckfus,Cloakable Fusion Reactor,Produces 1050 Energy,ARM,False,12,1050.0,5071.428571428572,84400,0.2070422535211267,0.0124407582938388,4700.0,26000.0
armckfus,Cloakable Fusion Reactor,Produces 1050 Energy,ARM,False,13,1050.0,5071.428571428572,84400,0.2070422535211267,0.0124407582938388,4700.0,26000.0
armckfus,Cloakable Fusion Reactor,Produces 1050 Energy,ARM,False,14,1050.0,5071.428571428572,84400,0.2070422535211267,0.0124407582938388,4700.0,26000.0
armckfus,Cloakable Fusion Reactor,Produces 1050 Energy,ARM,False,15,1050.0,5071.428571428572,84400,0.2070422535211267,0.0124407582938388,4700.0,26000.0
armckfus,Cloakable Fusion Reactor,Produces 1050 Energy,ARM,False,16,1050.0,5071.428571428572,84400,0.2070422535211267,0.0124407582938388,4700.0,26000.0
armckfus,Cloakable Fusion Reactor,Produces 1050 Energy,ARM,False,17,1050.0,5071.428571428572,84400,0.2070422535211267,0.0124407582938388,4700.0,26000.0
armckfus,Cloakable Fusion Reactor,Produces 1050 Energy,ARM,False,18,1050.0,5071.428571428572,84400,0.2070422535211267,0.0124407582938388,4700.0,26000.0
armckfus,Cloakable Fusion Reactor,Produces 1050 Energy,ARM,False,19,1050.0,5071.428571428572,84400,0.2070422535211267,0.0124407582938388,4700.0,26000.0
armckfus,Cloakable Fusion Reactor,Produces 1050 Energy,ARM,False,20,1050.0,5071.428571428572,84400,0.2070422535211267,0.0124407582938388,4700.0,26000.0
armckfus,Cloakable Fusion Reactor,Produces 1050 Energy,ARM,False,21,1050.0,5071.428571428572,84400,0.2070422535211267,0.0124407582938388,4700.0,26000.0
armckfus,Cloakable Fusion Reactor,Produces 1050 Energy,ARM,False,22,1050.0,5071.428571428572,84400,0.2070422535211267,0.0124407582938388,4700.0,26000.0
armckfus,Cloakable Fusion Reactor,Produces 1050 Energy,ARM,False,23,1050.0,5071.428571428572,84400,0.2070422535211267,0.0124407582938388,4700.0,26000.0
armckfus,Cloakable Fusion Reactor,Produces 1050 Energy,ARM,False,24,1050.0,5071.428571428572,84400,0.2070422535211267,0.0124407582938388,4700.0,26000.0
armckfus,Cloakable Fusion Reactor,Produces 1050 Energy,ARM,False,25,1050.0,5071.428571428572,84400,0.2070422535211267,0.0124407582938388,4700.0,26000.0
armckfus,Cloakable Fusion Reactor,Produces 1050 Energy,ARM,False,26,1050.0,5071.428571428572,84400,0.2070422535211267,0.0124407582938388,4700.0,26000.0
armckfus,Cloakable Fusion Reactor,Produces 1050 Energy,ARM,False,27,1050.0,5071.428571428572,84400,0.2070422535211267,0.0124407582938388,4700.0,26000.0
armckfus,Cloakable Fusion Reactor,Produces 1050 Energy,ARM,False,28,1050.0,5071.428571428572,84400,0.2070422535211267,0.0124407582938388,4700.0,26000.0
armckfus,Cloakable Fusion Reactor,Produces 1050 Energy,ARM,False,29,1050.0,5071.428571428572,84400,0.2070422535211267,0.0124407582938388,4700.0,26000.0
armckfus,Cloakable Fusion Reactor,Produces 1050 Energy,ARM,False,30,1050.0,5071.428571428572,84400,0.2070422535211267,0.0124407582938388,4700.0,26000.0
armgeo,Geothermal Powerplant,Produces 300 Energy,ARM,False,1,300.0,745.7142857142858,13100,0.4022988505747126,0.0229007633587786,560.0,13000.0
armgeo,Geothermal Powerplant,Produces 300 Energy,ARM,False,2,300.0,745.7142857142858,13100,0.4022988505747126,0.0229007633587786,560.0,13000.0
armgeo,Geothermal Powerplant,Produces 300 Energy,ARM,False,3,300.0,745.7142857142858,13100,0.4022988505747126,0.0229007633587786,560.0,13000.0
armgeo,Geothermal Powerplant,Produces 300 Energy,ARM,False,4,300.0,745.7142857142858,13100,0.4022988505747126,0.0229007633587786,560.0,13000.0
armgeo,Geothermal Powerplant,Produces 300 Energy,ARM,False,5,300.0,745.7142857142858,13100,0.4022988505747126,0.0229007633587786,560.0,13000.0
armgeo,Geothermal Powerplant,Produces 300 Energy,ARM,False,6,300.0,745.7142857142858,13100,0.4022988505747126,0.0229007633587786,560.0,13000.0
armgeo,Geothermal Powerplant,Produces 300 Energy,ARM,False,7,300.0,745.7142857142858,13100,0.4022988505747126,0.0229007633587786,560.0,13000.0
armgeo,Geothermal Powerplant,Produces 300 Energy,ARM,False,8,300.0,745.7142857142858,13100,0.4022988505747126,0.0229007633587786,560.0,13000.0
armgeo,Geothermal Powerplant,Produces 300 Energy,ARM,False,9,300.0,745.7142857142858,13100,0.4022988505747126,0.0229007633587786,560.0,13000.0
armgeo,Geothermal Powerplant,Produces 300 Energy,ARM,False,10,300.0,745.7142857142858,13100,0.4022988505747126,0.0229007633587786,560.0,13000.0
armgeo,Geothermal Powerplant,Produces 300 Energy,ARM,False,11,300.0,745.7142857142858,13100,0.4022988505747126,0.0229007633587786,560.0,13000.0
armgeo,Geothermal Powerplant,Produces 300 Energy,ARM,False,12,300.0,745.7142857142858,13100,0.4022988505747126,0.0229007633587786,560.0,13000.0
armgeo,Geothermal Powerplant,Produces 300 Energy,ARM,False,13,300.0,745.7142857142858,13100,0.4022988505747126,0.0229007633587786,560.0,13000.0
armgeo,Geothermal Powerplant,Produces 300 Energy,ARM,False,14,300.0,745.7142857142858,13100,0.4022988505747126,0.0229007633587786,560.0,13000.0
armgeo,Geothermal Powerplant,Produces 300 Energy,ARM,False,15,300.0,745.7142857142858,13100,0.4022988505747126,0.0229007633587786,560.0,13000.0
armgeo,Geothermal Powerplant,Produces 300 Energy,ARM,False,16,300.0,745.7142857142858,13100,0.4022988505747126,0.0229007633587786,560.0,13000.0
armgeo,Geothermal Powerplant,Produces 300 Energy,ARM,False,17,300.0,745.7142857142858,13100,0.4022988505747126,0.0229007633587786,560.0,13000.0
armgeo,Geothermal Powerplant,Produces 300 Energy,ARM,False,18,300.0,745.7142857142858,13100,0.4022988505747126,0.0229007633587786,560.0,13000.0
armgeo,Geothermal Powerplant,Produces 300 Energy,ARM,False,19,300.0,745.7142857142858,13100,0.4022988505747126,0.0229007633587786,560.0,13000.0
armgeo,Geothermal Powerplant,Produces 300 Energy,ARM,False,20,300.0,745.7142857142858,13100,0.4022988505747126,0.0229007633587786,560.0,13000.0
armgeo,Geothermal Powerplant,Produces 300 Energy,ARM,False,21,300.0,745.7142857142858,13100,0.4022988505747126,0.0229007633587786,560.0,13000.0
armgeo,Geothermal Powerplant,Produces 300 Energy,ARM,False,22,300.0,745.7142857142858,13100,0.4022988505747126,0.0229007633587786,560.0,13000.0
armgeo,Geothermal Powerplant,Produces 300 Energy,ARM,False,23,300.0,745.7142857142858,13100,0.4022988505747126,0.0229007633587786,560.0,13000.0
armgeo,Geothermal Powerplant,Produces 300 Energy,ARM,False,24,300.0,745.7142857142858,13100,0.4022988505747126,0.0229007633587786,560.0,13000.0
armgeo,Geothermal Powerplant,Produces 300 Energy,ARM,False,25,300.0,745.7142857142858,13100,0.4022988505747126,0.0229007633587786,560.0,13000.0
armgeo,Geothermal Powerplant,Produces 300 Energy,ARM,False,26,300.0,745.7142857142858,13100,0.4022988505747126,0.0229007633587786,560.0,13000.0
armgeo,Geothermal Powerplant,Produces 300 Energy,ARM,False,27,300.0,745.7142857142858,13100,0.4022988505747126,0.0229007633587786,560.0,13000.0
armgeo,Geothermal Powerplant,Produces 300 Energy,ARM,False,28,300.0,745.7142857142858,13100,0.4022988505747126,0.0229007633587786,560.0,13000.0
armgeo,Geothermal Powerplant,Produces 300 Energy,ARM,False,29,300.0,745.7142857142858,13100,0.4022988505747126,0.0229007633587786,560.0,13000.0
armgeo,Geothermal Powerplant,Produces 300 Energy,ARM,False,30,300.0,745.7142857142858,13100,0.4022988505747126,0.0229007633587786,560.0,13000.0
armfus,Fusion Reactor,Produces 1000 Energy,ARM,False,1,1000.0,4600.0,70000,0.217391304347826,0.0142857142857142,4300.0,21000.0
armfus,Fusion Reactor,Produces 1000 Energy,ARM,False,2,1000.0,4600.0,70000,0.217391304347826,0.0142857142857142,4300.0,21000.0
armfus,Fusion Reactor,Produces 1000 Energy,ARM,False,3,1000.0,4600.0,70000,0.217391304347826,0.0142857142857142,4300.0,21000.0
armfus,Fusion Reactor,Produces 1000 Energy,ARM,False,4,1000.0,4600.0,70000,0.217391304347826,0.0142857142857142,4300.0,21000.0
armfus,Fusion Reactor,Produces 1000 Energy,ARM,False,5,1000.0,4600.0,70000,0.217391304347826,0.0142857142857142,4300.0,21000.0
armfus,Fusion Reactor,Produces 1000 Energy,ARM,False,6,1000.0,4600.0,70000,0.217391304347826,0.0142857142857142,4300.0,21000.0
armfus,Fusion Reactor,Produces 1000 Energy,ARM,False,7,1000.0,4600.0,70000,0.217391304347826,0.0142857142857142,4300.0,21000.0
armfus,Fusion Reactor,Produces 1000 Energy,ARM,False,8,1000.0,4600.0,70000,0.217391304347826,0.0142857142857142,4300.0,21000.0
armfus,Fusion Reactor,Produces 1000 Energy,ARM,False,9,1000.0,4600.0,70000,0.217391304347826,0.0142857142857142,4300.0,21000.0
armfus,Fusion Reactor,Produces 1000 Energy,ARM,False,10,1000.0,4600.0,70000,0.217391304347826,0.0142857142857142,4300.0,21000.0
armfus,Fusion Reactor,Produces 1000 Energy,ARM,False,11,1000.0,4600.0,70000,0.217391304347826,0.0142857142857142,4300.0,21000.0
armfus,Fusion Reactor,Produces 1000 Energy,ARM,False,12,1000.0,4600.0,70000,0.217391304347826,0.0142857142857142,4300.0,21000.0
armfus,Fusion Reactor,Produces 1000 Energy,ARM,False,13,1000.0,4600.0,70000,0.217391304347826,0.0142857142857142,4300.0,21000.0
armfus,Fusion Reactor,Produces 1000 Energy,ARM,False,14,1000.0,4600.0,70000,0.217391304347826,0.0142857142857142,4300.0,21000.0
armfus,Fusion Reactor,Produces 1000 Energy,ARM,False,15,1000.0,4600.0,70000,0.217391304347826,0.0142857142857142,4300.0,21000.0
armfus,Fusion Reactor,Produces 1000 Energy,ARM,False,16,1000.0,4600.0,70000,0.217391304347826,0.0142857142857142,4300.0,21000.0
armfus,Fusion Reactor,Produces 1000 Energy,ARM,False,17,1000.0,4600.0,70000,0.217391304347826,0.0142857142857142,4300.0,21000.0
armfus,Fusion Reactor,Produces 1000 Energy,ARM,False,18,1000.0,4600.0,70000,0.217391304347826,0.0142857142857142,4300.0,21000.0
armfus,Fusion Reactor,Produces 1000 Energy,ARM,False,19,1000.0,4600.0,70000,0.217391304347826,0.0142857142857142,4300.0,21000.0
armfus,Fusion Reactor,Produces 1000 Energy,ARM,False,20,1000.0,4600.0,70000,0.217391304347826,0.0142857142857142,4300.0,21000.0
armfus,Fusion Reactor,Produces 1000 Energy,ARM,False,21,1000.0,4600.0,70000,0.217391304347826,0.0142857142857142,4300.0,21000.0
armfus,Fusion Reactor,Produces 1000 Energy,ARM,False,22,1000.0,4600.0,70000,0.217391304347826,0.0142857142857142,4300.0,21000.0
armfus,Fusion Reactor,Produces 1000 Energy,ARM,False,23,1000.0,4600.0,70000,0.217391304347826,0.0142857142857142,4300.0,21000.0
armfus,Fusion Reactor,Produces 1000 Energy,ARM,False,24,1000.0,4600.0,70000,0.217391304347826,0.0142857142857142,4300.0,21000.0
armfus,Fusion Reactor,Produces 1000 Energy,ARM,False,25,1000.0,4600.0,70000,0.217391304347826,0.0142857142857142,4300.0,21000.0
armfus,Fusion Reactor,Produces 1000 Energy,ARM,False,26,1000.0,4600.0,70000,0.217391304347826,0.0142857142857142,4300.0,21000.0
armfus,Fusion Reactor,Produces 1000 Energy,ARM,False,27,1000.0,4600.0,70000,0.217391304347826,0.0142857142857142,4300.0,21000.0
armfus,Fusion Reactor,Produces 1000 Energy,ARM,False,28,1000.0,4600.0,70000,0.217391304347826,0.0142857142857142,4300.0,21000.0
armfus,Fusion Reactor,Produces 1000 Energy,ARM,False,29,1000.0,4600.0,70000,0.217391304347826,0.0142857142857142,4300.0,21000.0
armfus,Fusion Reactor,Produces 1000 Energy,ARM,False,30,1000.0,4600.0,70000,0.217391304347826,0.0142857142857142,4300.0,21000.0
armuwfus,Naval Fusion Reactor,Produces 1200 Energy,ARM,False,1,1200.0,5678.571428571428,99900,0.2113207547169811,0.012012012012012,5200.0,33500.0
armuwfus,Naval Fusion Reactor,Produces 1200 Energy,ARM,False,2,1200.0,5678.571428571428,99900,0.2113207547169811,0.012012012012012,5200.0,33500.0
armuwfus,Naval Fusion Reactor,Produces 1200 Energy,ARM,False,3,1200.0,5678.571428571428,99900,0.2113207547169811,0.012012012012012,5200.0,33500.0
armuwfus,Naval Fusion Reactor,Produces 1200 Energy,ARM,False,4,1200.0,5678.571428571428,99900,0.2113207547169811,0.012012012012012,5200.0,33500.0
armuwfus,Naval Fusion Reactor,Produces 1200 Energy,ARM,False,5,1200.0,5678.571428571428,99900,0.2113207547169811,0.012012012012012,5200.0,33500.0
armuwfus,Naval Fusion Reactor,Produces 1200 Energy,ARM,False,6,1200.0,5678.571428571428,99900,0.2113207547169811,0.012012012012012,5200.0,33500.0
armuwfus,Naval Fusion Reactor,Produces 1200 Energy,ARM,False,7,1200.0,5678.571428571428,99900,0.2113207547169811,0.012012012012012,5200.0,33500.0
armuwfus,Naval Fusion Reactor,Produces 1200 Energy,ARM,False,8,1200.0,5678.571428571428,99900,0.2113207547169811,0.012012012012012,5200.0,33500.0
armuwfus,Naval Fusion Reactor,Produces 1200 Energy,ARM,False,9,1200.0,5678.571428571428,99900,0.2113207547169811,0.012012012012012,5200.0,33500.0
armuwfus,Naval Fusion Reactor,Produces 1200 Energy,ARM,False,10,1200.0,5678.571428571428,99900,0.2113207547169811,0.012012012012012,5200.0,33500.0
armuwfus,Naval Fusion Reactor,Produces 1200 Energy,ARM,False,11,1200.0,5678.571428571428,99900,0.2113207547169811,0.012012012012012,5200.0,33500.0
armuwfus,Naval Fusion Reactor,Produces 1200 Energy,ARM,False,12,1200.0,5678.571428571428,99900,0.2113207547169811,0.012012012012012,5200.0,33500.0
armuwfus,Naval Fusion Reactor,Produces 1200 Energy,ARM,False,13,1200.0,5678.571428571428,99900,0.2113207547169811,0.012012012012012,5200.0,33500.0
armuwfus,Naval Fusion Reactor,Produces 1200 Energy,ARM,False,14,1200.0,5678.571428571428,99900,0.2113207547169811,0.012012012012012,5200.0,33500.0
armuwfus,Naval Fusion Reactor,Produces 1200 Energy,ARM,False,15,1200.0,5678.571428571428,99900,0.2113207547169811,0.012012012012012,5200.0,33500.0
armuwfus,Naval Fusion Reactor,Produces 1200 Energy,ARM,False,16,1200.0,5678.571428571428,99900,0.2113207547169811,0.012012012012012,5200.0,33500.0
armuwfus,Naval Fusion Reactor,Produces 1200 Energy,ARM,False,17,1200.0,5678.571428571428,99900,0.2113207547169811,0.012012012012012,5200.0,33500.0
armuwfus,Naval Fusion Reactor,Produces 1200 Energy,ARM,False,18,1200.0,5678.571428571428,99900,0.2113207547169811,0.012012012012012,5200.0,33500.0
armuwfus,Naval Fusion Reactor,Produces 1200 Energy,ARM,False,19,1200.0,5678.571428571428,99900,0.2113207547169811,0.012012012012012,5200.0,33500.0
armuwfus,Naval Fusion Reactor,Produces 1200 Energy,ARM,False,20,1200.0,5678.571428571428,99900,0.2113207547169811,0.012012012012012,5200.0,33500.0
armuwfus,Naval Fusion Reactor,Produces 1200 Energy,ARM,False,21,1200.0,5678.571428571428,99900,0.2113207547169811,0.012012012012012,5200.0,33500.0
armuwfus,Naval Fusion Reactor,Produces 1200 Energy,ARM,False,22,1200.0,5678.571428571428,99900,0.2113207547169811,0.012012012012012,5200.0,33500.0
armuwfus,Naval Fusion Reactor,Produces 1200 Energy,ARM,False,23,1200.0,5678.571428571428,99900,0.2113207547169811,0.012012012012012,5200.0,33500.0
armuwfus,Naval Fusion Reactor,Produces 1200 Energy,ARM,False,24,1200.0,5678.571428571428,99900,0.2113207547169811,0.012012012012012,5200.0,33500.0
armuwfus,Naval Fusion Reactor,Produces 1200 Energy,ARM,False,25,1200.0,5678.571428571428,99900,0.2113207547169811,0.012012012012012,5200.0,33500.0
armuwfus,Naval Fusion Reactor,Produces 1200 Energy,ARM,False,26,1200.0,5678.571428571428,99900,0.2113207547169811,0.012012012012012,5200.0,33500.0
armuwfus,Naval Fusion Reactor,Produces 1200 Energy,ARM,False,27,1200.0,5678.571428571428,99900,0.2113207547169811,0.012012012012012,5200.0,33500.0
armuwfus,Naval Fusion Reactor,Produces 1200 Energy,ARM,False,28,1200.0,5678.571428571428,99900,0.2113207547169811,0.012012012012012,5200.0,33500.0
armuwfus,Naval Fusion Reactor,Produces 1200 Energy,ARM,False,29,1200.0,5678.571428571428,99900,0.2113207547169811,0.012012012012012,5200.0,33500.0
armuwfus,Naval Fusion Reactor,Produces 1200 Energy,ARM,False,30,1200.0,5678.571428571428,99900,0.2113207547169811,0.012012012012012,5200.0,33500.0
armtide,Tidal Generator,Produces Energy (depends on map),ARM,True,1,1.0,92.85714285714286,2190,0.0107692307692307,0.0004566210045662,90.0,200.0
armtide,Tidal Generator,Produces Energy (depends on map),ARM,True,2,2.0,92.85714285714286,2190,0.0215384615384615,0.0009132420091324,90.0,200.0
armtide,Tidal Generator,Produces Energy (depends on map),ARM,True,3,3.0,92.85714285714286,2190,0.0323076923076923,0.0013698630136986,90.0,200.0
armtide,Tidal Generator,Produces Energy (depends on map),ARM,True,4,4.0,92.85714285714286,2190,0.043076923076923,0.0018264840182648,90.0,200.0
armtide,Tidal Generator,Produces Energy (depends on map),ARM,True,5,5.0,92.85714285714286,2190,0.0538461538461538,0.002283105022831,90.0,200.0
armtide,Tidal Generator,Produces Energy (depends on map),ARM,True,6,6.0,92.85714285714286,2190,0.0646153846153846,0.0027397260273972,90.0,200.0
armtide,Tidal Generator,Produces Energy (depends on map),ARM,True,7,7.0,92.85714285714286,2190,0.0753846153846153,0.0031963470319634,90.0,200.0
armtide,Tidal Generator,Produces Energy (depends on map),ARM,True,8,8.0,92.85714285714286,2190,0.0861538461538461,0.0036529680365296,90.0,200.0
armtide,Tidal Generator,Produces Energy (depends on map),ARM,True,9,9.0,92.85714285714286,2190,0.0969230769230769,0.0041095890410958,90.0,200.0
armtide,Tidal Generator,Produces Energy (depends on map),ARM,True,10,10.0,92.85714285714286,2190,0.1076923076923076,0.0045662100456621,90.0,200.0
armtide,Tidal Generator,Produces Energy (depends on map),ARM,True,11,11.0,92.85714285714286,2190,0.1184615384615384,0.0050228310502283,90.0,200.0
armtide,Tidal Generator,Produces Energy (depends on map),ARM,True,12,12.0,92.85714285714286,2190,0.1292307692307692,0.0054794520547945,90.0,200.0
armtide,Tidal Generator,Produces Energy (depends on map),ARM,True,13,13.0,92.85714285714286,2190,0.1399999999999999,0.0059360730593607,90.0,200.0
armtide,Tidal Generator,Produces Energy (depends on map),ARM,True,14,14.0,92.85714285714286,2190,0.1507692307692307,0.0063926940639269,90.0,200.0
armtide,Tidal Generator,Produces Energy (depends on map),ARM,True,15,15.0,92.85714285714286,2190,0.1615384615384615,0.0068493150684931,90.0,200.0
armtide,Tidal Generator,Produces Energy (depends on map),ARM,True,16,16.0,92.85714285714286,2190,0.1723076923076923,0.0073059360730593,90.0,200.0
armtide,Tidal Generator,Produces Energy (depends on map),ARM,True,17,17.0,92.85714285714286,2190,0.183076923076923,0.0077625570776255,90.0,200.0
armtide,Tidal Generator,Produces Energy (depends on map),ARM,True,18,18.0,92.85714285714286,2190,0.1938461538461538,0.0082191780821917,90.0,200.0
armtide,Tidal Generator,Produces Energy (depends on map),ARM,True,19,19.0,92.85714285714286,2190,0.2046153846153846,0.0086757990867579,90.0,200.0
armtide,Tidal Generator,Produces Energy (depends on map),ARM,True,20,20.0,92.85714285714286,2190,0.2153846153846153,0.0091324200913242,90.0,200.0
armtide,Tidal Generator,Produces Energy (depends on map),ARM,True,21,21.0,92.85714285714286,2190,0.2261538461538461,0.0095890410958904,90.0,200.0
armtide,Tidal Generator,Produces Energy (depends on map),ARM,True,22,22.0,92.85714285714286,2190,0.2369230769230769,0.0100456621004566,90.0,200.0
armtide,Tidal Generator,Produces Energy (depends on map),ARM,True,23,23.0,92.85714285714286,2190,0.2476923076923076,0.0105022831050228,90.0,200.0
armtide,Tidal Generator,Produces Energy (depends on map),ARM,True,24,24.0,92.85714285714286,2190,0.2584615384615384,0.010958904109589,90.0,200.0
armtide,Tidal Generator,Produces Energy (depends on map),ARM,True,25,25.0,92.85714285714286,2190,0.2692307692307692,0.0114155251141552,90.0,200.0
armtide,Tidal Generator,Produces Energy (depends on map),ARM,True,26,26.0,92.85714285714286,2190,0.2799999999999999,0.0118721461187214,90.0,200.0
armtide,Tidal Generator,Produces Energy (depends on map),ARM,True,27,27.0,92.85714285714286,2190,0.2907692307692308,0.0123287671232876,90.0,200.0
armtide,Tidal Generator,Produces Energy (depends on map),ARM,True,28,28.0,92.85714285714286,2190,0.3015384615384615,0.0127853881278538,90.0,200.0
armtide,Tidal Generator,Produces Energy (depends on map),ARM,True,29,29.0,92.85714285714286,2190,0.3123076923076923,0.01324200913242,90.0,200.0
armtide,Tidal Generator,Produces Energy (depends on map),ARM,True,30,30.0,92.85714285714286,2190,0.323076923076923,0.0136986301369863,90.0,200.0
corwin,Wind Turbine,Produces Energy. Depends on wind strength.,COR,True,1,1.0,45.5,1680,0.0219780219780219,0.000595238095238,43.0,175.0
corwin,Wind Turbine,Produces Energy. Depends on wind strength.,COR,True,2,2.0,45.5,1680,0.0439560439560439,0.0011904761904761,43.0,175.0
corwin,Wind Turbine,Produces Energy. Depends on wind strength.,COR,True,3,3.0,45.5,1680,0.0659340659340659,0.0017857142857142,43.0,175.0
corwin,Wind Turbine,Produces Energy. Depends on wind strength.,COR,True,4,4.0,45.5,1680,0.0879120879120879,0.0023809523809523,43.0,175.0
corwin,Wind Turbine,Produces Energy. Depends on wind strength.,COR,True,5,5.0,45.5,1680,0.1098901098901098,0.0029761904761904,43.0,175.0
corwin,Wind Turbine,Produces Energy. Depends on wind strength.,COR,True,6,6.0,45.5,1680,0.1318681318681318,0.0035714285714285,43.0,175.0
corwin,Wind Turbine,Produces Energy. Depends on wind strength.,COR,True,7,7.0,45.5,1680,0.1538461538461538,0.0041666666666666,43.0,175.0
corwin,Wind Turbine,Produces Energy. Depends on wind strength.,COR,True,8,8.0,45.5,1680,0.1758241758241758,0.0047619047619047,43.0,175.0
corwin,Wind Turbine,Produces Energy. Depends on wind strength.,COR,True,9,9.0,45.5,1680,0.1978021978021978,0.0053571428571428,43.0,175.0
corwin,Wind Turbine,Produces Energy. Depends on wind strength.,COR,True,10,10.0,45.5,1680,0.2197802197802197,0.0059523809523809,43.0,175.0
corwin,Wind Turbine,Produces Energy. Depends on wind strength.,COR,True,11,11.0,45.5,1680,0.2417582417582417,0.006547619047619,43.0,175.0
corwin,Wind Turbine,Produces Energy. Depends on wind strength.,COR,True,12,12.0,45.5,1680,0.2637362637362637,0.0071428571428571,43.0,175.0
corwin,Wind Turbine,Produces Energy. Depends on wind strength.,COR,True,13,13.0,45.5,1680,0.2857142857142857,0.0077380952380952,43.0,175.0
corwin,Wind Turbine,Produces Energy. Depends on wind strength.,COR,True,14,14.0,45.5,1680,0.3076923076923077,0.0083333333333333,43.0,175.0
corwin,Wind Turbine,Produces Energy. Depends on wind strength.,COR,True,15,15.0,45.5,1680,0.3296703296703296,0.0089285714285714,43.0,175.0
corwin,Wind Turbine,Produces Energy. Depends on wind strength.,COR,True,16,16.0,45.5,1680,0.3516483516483517,0.0095238095238095,43.0,175.0
corwin,Wind Turbine,Produces Energy. Depends on wind strength.,COR,True,17,17.0,45.5,1680,0.3736263736263736,0.0101190476190476,43.0,175.0
corwin,Wind Turbine,Produces Energy. Depends on wind strength.,COR,True,18,18.0,45.5,1680,0.3956043956043956,0.0107142857142857,43.0,175.0
corwin,Wind Turbine,Produces Energy. Depends on wind strength.,COR,True,19,19.0,45.5,1680,0.4175824175824176,0.0113095238095238,43.0,175.0
corwin,Wind Turbine,Produces Energy. Depends on wind strength.,COR,True,20,20.0,45.5,1680,0.4395604395604395,0.0119047619047619,43.0,175.0
corwin,Wind Turbine,Produces Energy. Depends on wind strength.,COR,True,21,21.0,45.5,1680,0.4615384615384615,0.0125,43.0,175.0
corwin,Wind Turbine,Produces Energy. Depends on wind strength.,COR,True,22,22.0,45.5,1680,0.4835164835164835,0.013095238095238,43.0,175.0
corwin,Wind Turbine,Produces Energy. Depends on wind strength.,COR,True,23,23.0,45.5,1680,0.5054945054945055,0.0136904761904761,43.0,175.0
corwin,Wind Turbine,Produces Energy. Depends on wind strength.,COR,True,24,24.0,45.5,1680,0.5274725274725275,0.0142857142857142,43.0,175.0
corwin,Wind Turbine,Produces Energy. Depends on wind strength.,COR,True,25,25.0,45.5,1680,0.5494505494505495,0.0148809523809523,43.0,175.0
corwin,Wind Turbine,Produces Energy. Depends on wind strength.,COR,True,26,26.0,45.5,1680,0.5714285714285714,0.0154761904761904,43.0,175.0
corwin,Wind Turbine,Produces Energy. Depends on wind strength.,COR,True,27,27.0,45.5,1680,0.5934065934065934,0.0160714285714285,43.0,175.0
corwin,Wind Turbine,Produces Energy. Depends on wind strength.,COR,True,28,28.0,45.5,1680,0.6153846153846154,0.0166666666666666,43.0,175.0
corwin,Wind Turbine,Produces Energy. Depends on wind strength.,COR,True,29,29.0,45.5,1680,0.6373626373626373,0.0172619047619047,43.0,175.0
corwin,Wind Turbine,Produces Energy. Depends on wind strength.,COR,True,30,30.0,45.5,1680,0.6593406593406593,0.0178571428571428,43.0,175.0
coradvsol,Advanced Solar Collector,Produces 75 Energy,COR,False,1,75.0,427.1428571428572,8150,0.1755852842809364,0.00920245398773,370.0,4000.0
coradvsol,Advanced Solar Collector,Produces 75 Energy,COR,False,2,75.0,427.1428571428572,8150,0.1755852842809364,0.00920245398773,370.0,4000.0
coradvsol,Advanced Solar Collector,Produces 75 Energy,COR,False,3,75.0,427.1428571428572,8150,0.1755852842809364,0.00920245398773,370.0,4000.0
coradvsol,Advanced Solar Collector,Produces 75 Energy,COR,False,4,75.0,427.1428571428572,8150,0.1755852842809364,0.00920245398773,370.0,4000.0
coradvsol,Advanced Solar Collector,Produces 75 Energy,COR,False,5,75.0,427.1428571428572,8150,0.1755852842809364,0.00920245398773,370.0,4000.0
coradvsol,Advanced Solar Collector,Produces 75 Energy,COR,False,6,75.0,427.1428571428572,8150,0.1755852842809364,0.00920245398773,370.0,4000.0
coradvsol,Advanced Solar Collector,Produces 75 Energy,COR,False,7,75.0,427.1428571428572,8150,0.1755852842809364,0.00920245398773,370.0,4000.0
coradvsol,Advanced Solar Collector,Produces 75 Energy,COR,False,8,75.0,427.1428571428572,8150,0.1755852842809364,0.00920245398773,370.0,4000.0
coradvsol,Advanced Solar Collector,Produces 75 Energy,COR,False,9,75.0,427.1428571428572,8150,0.1755852842809364,0.00920245398773,370.0,4000.0
coradvsol,Advanced Solar Collector,Produces 75 Energy,COR,False,10,75.0,427.1428571428572,8150,0.1755852842809364,0.00920245398773,370.0,4000.0
coradvsol,Advanced Solar Collector,Produces 75 Energy,COR,False,11,75.0,427.1428571428572,8150,0.1755852842809364,0.00920245398773,370.0,4000.0
coradvsol,Advanced Solar Collector,Produces 75 Energy,COR,False,12,75.0,427.1428571428572,8150,0.1755852842809364,0.00920245398773,370.0,4000.0
coradvsol,Advanced Solar Collector,Produces 75 Energy,COR,False,13,75.0,427.1428571428572,8150,0.1755852842809364,0.00920245398773,370.0,4000.0
coradvsol,Advanced Solar Collector,Produces 75 Energy,COR,False,14,75.0,427.1428571428572,8150,0.1755852842809364,0.00920245398773,370.0,4000.0
coradvsol,Advanced Solar Collector,Produces 75 Energy,COR,False,15,75.0,427.1428571428572,8150,0.1755852842809364,0.00920245398773,370.0,4000.0
coradvsol,Advanced Solar Collector,Produces 75 Energy,COR,False,16,75.0,427.1428571428572,8150,0.1755852842809364,0.00920245398773,370.0,4000.0
coradvsol,Advanced Solar Collector,Produces 75 Energy,COR,False,17,75.0,427.1428571428572,8150,0.1755852842809364,0.00920245398773,370.0,4000.0
coradvsol,Advanced Solar Collector,Produces 75 Energy,COR,False,18,75.0,427.1428571428572,8150,0.1755852842809364,0.00920245398773,370.0,4000.0
coradvsol,Advanced Solar Collector,Produces 75 Energy,COR,False,19,75.0,427.1428571428572,8150,0.1755852842809364,0.00920245398773,370.0,4000.0
coradvsol,Advanced Solar Collector,Produces 75 Energy,COR,False,20,75.0,427.1428571428572,8150,0.1755852842809364,0.00920245398773,370.0,4000.0
coradvsol,Advanced Solar Collector,Produces 75 Energy,COR,False,21,75.0,427.1428571428572,8150,0.1755852842809364,0.00920245398773,370.0,4000.0
coradvsol,Advanced Solar Collector,Produces 75 Energy,COR,False,22,75.0,427.1428571428572,8150,0.1755852842809364,0.00920245398773,370.0,4000.0
coradvsol,Advanced Solar Collector,Produces 75 Energy,COR,False,23,75.0,427.1428571428572,8150,0.1755852842809364,0.00920245398773,370.0,4000.0
coradvsol,Advanced Solar Collector,Produces 75 Energy,COR,False,24,75.0,427.1428571428572,8150,0.1755852842809364,0.00920245398773,370.0,4000.0
coradvsol,Advanced Solar Collector,Produces 75 Energy,COR,False,25,75.0,427.1428571428572,8150,0.1755852842809364,0.00920245398773,370.0,4000.0
coradvsol,Advanced Solar Collector,Produces 75 Energy,COR,False,26,75.0,427.1428571428572,8150,0.1755852842809364,0.00920245398773,370.0,4000.0
coradvsol,Advanced Solar Collector,Produces 75 Energy,COR,False,27,75.0,427.1428571428572,8150,0.1755852842809364,0.00920245398773,370.0,4000.0
coradvsol,Advanced Solar Collector,Produces 75 Energy,COR,False,28,75.0,427.1428571428572,8150,0.1755852842809364,0.00920245398773,370.0,4000.0
coradvsol,Advanced Solar Collector,Produces 75 Energy,COR,False,29,75.0,427.1428571428572,8150,0.1755852842809364,0.00920245398773,370.0,4000.0
coradvsol,Advanced Solar Collector,Produces 75 Energy,COR,False,30,75.0,427.1428571428572,8150,0.1755852842809364,0.00920245398773,370.0,4000.0
corafus,Advanced Fusion Reactor,Produces 3000 Energy (Hazardous),COR,False,1,3000.0,10385.714285714286,329200,0.2888583218707015,0.0091130012150668,9700.0,48000.0
corafus,Advanced Fusion Reactor,Produces 3000 Energy (Hazardous),COR,False,2,3000.0,10385.714285714286,329200,0.2888583218707015,0.0091130012150668,9700.0,48000.0
corafus,Advanced Fusion Reactor,Produces 3000 Energy (Hazardous),COR,False,3,3000.0,10385.714285714286,329200,0.2888583218707015,0.0091130012150668,9700.0,48000.0
corafus,Advanced Fusion Reactor,Produces 3000 Energy (Hazardous),COR,False,4,3000.0,10385.714285714286,329200,0.2888583218707015,0.0091130012150668,9700.0,48000.0
corafus,Advanced Fusion Reactor,Produces 3000 Energy (Hazardous),COR,False,5,3000.0,10385.714285714286,329200,0.2888583218707015,0.0091130012150668,9700.0,48000.0
corafus,Advanced Fusion Reactor,Produces 3000 Energy (Hazardous),COR,False,6,3000.0,10385.714285714286,329200,0.2888583218707015,0.0091130012150668,9700.0,48000.0
corafus,Advanced Fusion Reactor,Produces 3000 Energy (Hazardous),COR,False,7,3000.0,10385.714285714286,329200,0.2888583218707015,0.0091130012150668,9700.0,48000.0
corafus,Advanced Fusion Reactor,Produces 3000 Energy (Hazardous),COR,False,8,3000.0,10385.714285714286,329200,0.2888583218707015,0.0091130012150668,9700.0,48000.0
corafus,Advanced Fusion Reactor,Produces 3000 Energy (Hazardous),COR,False,9,3000.0,10385.714285714286,329200,0.2888583218707015,0.0091130012150668,9700.0,48000.0
corafus,Advanced Fusion Reactor,Produces 3000 Energy (Hazardous),COR,False,10,3000.0,10385.714285714286,329200,0.2888583218707015,0.0091130012150668,9700.0,48000.0
corafus,Advanced Fusion Reactor,Produces 3000 Energy (Hazardous),COR,False,11,3000.0,10385.714285714286,329200,0.2888583218707015,0.0091130012150668,9700.0,48000.0
corafus,Advanced Fusion Reactor,Produces 3000 Energy (Hazardous),COR,False,12,3000.0,10385.714285714286,329200,0.2888583218707015,0.0091130012150668,9700.0,48000.0
corafus,Advanced Fusion Reactor,Produces 3000 Energy (Hazardous),COR,False,13,3000.0,10385.714285714286,329200,0.2888583218707015,0.0091130012150668,9700.0,48000.0
corafus,Advanced Fusion Reactor,Produces 3000 Energy (Hazardous),COR,False,14,3000.0,10385.714285714286,329200,0.2888583218707015,0.0091130012150668,9700.0,48000.0
corafus,Advanced Fusion Reactor,Produces 3000 Energy (Hazardous),COR,False,15,3000.0,10385.714285714286,329200,0.2888583218707015,0.0091130012150668,9700.0,48000.0
corafus,Advanced Fusion Reactor,Produces 3000 Energy (Hazardous),COR,False,16,3000.0,10385.714285714286,329200,0.2888583218707015,0.0091130012150668,9700.0,48000.0
corafus,Advanced Fusion Reactor,Produces 3000 Energy (Hazardous),COR,False,17,3000.0,10385.714285714286,329200,0.2888583218707015,0.0091130012150668,9700.0,48000.0
corafus,Advanced Fusion Reactor,Produces 3000 Energy (Hazardous),COR,False,18,3000.0,10385.714285714286,329200,0.2888583218707015,0.0091130012150668,9700.0,48000.0
corafus,Advanced Fusion Reactor,Produces 3000 Energy (Hazardous),COR,False,19,3000.0,10385.714285714286,329200,0.2888583218707015,0.0091130012150668,9700.0,48000.0
corafus,Advanced Fusion Reactor,Produces 3000 Energy (Hazardous),COR,False,20,3000.0,10385.714285714286,329200,0.2888583218707015,0.0091130012150668,9700.0,48000.0
corafus,Advanced Fusion Reactor,Produces 3000 Energy (Hazardous),COR,False,21,3000.0,10385.714285714286,329200,0.2888583218707015,0.0091130012150668,9700.0,48000.0
corafus,Advanced Fusion Reactor,Produces 3000 Energy (Hazardous),COR,False,22,3000.0,10385.714285714286,329200,0.2888583218707015,0.0091130012150668,9700.0,48000.0
corafus,Advanced Fusion Reactor,Produces 3000 Energy (Hazardous),COR,False,23,3000.0,10385.714285714286,329200,0.2888583218707015,0.0091130012150668,9700.0,48000.0
corafus,Advanced Fusion Reactor,Produces 3000 Energy (Hazardous),COR,False,24,3000.0,10385.714285714286,329200,0.2888583218707015,0.0091130012150668,9700.0,48000.0
corafus,Advanced Fusion Reactor,Produces 3000 Energy (Hazardous),COR,False,25,3000.0,10385.714285714286,329200,0.2888583218707015,0.0091130012150668,9700.0,48000.0
corafus,Advanced Fusion Reactor,Produces 3000 Energy (Hazardous),COR,False,26,3000.0,10385.714285714286,329200,0.2888583218707015,0.0091130012150668,9700.0,48000.0
corafus,Advanced Fusion Reactor,Produces 3000 Energy (Hazardous),COR,False,27,3000.0,10385.714285714286,329200,0.2888583218707015,0.0091130012150668,9700.0,48000.0
corafus,Advanced Fusion Reactor,Produces 3000 Energy (Hazardous),COR,False,28,3000.0,10385.714285714286,329200,0.2888583218707015,0.0091130012150668,9700.0,48000.0
corafus,Advanced Fusion Reactor,Produces 3000 Energy (Hazardous),COR,False,29,3000.0,10385.714285714286,329200,0.2888583218707015,0.0091130012150668,9700.0,48000.0
corafus,Advanced Fusion Reactor,Produces 3000 Energy (Hazardous),COR,False,30,3000.0,10385.714285714286,329200,0.2888583218707015,0.0091130012150668,9700.0,48000.0
corageo,Advanced Geothermal Powerplant,Produces 1250 Energy (Hazardous),COR,False,1,1250.0,1885.7142857142856,32000,0.6628787878787878,0.0390625,1500.0,27000.0
corageo,Advanced Geothermal Powerplant,Produces 1250 Energy (Hazardous),COR,False,2,1250.0,1885.7142857142856,32000,0.6628787878787878,0.0390625,1500.0,27000.0
corageo,Advanced Geothermal Powerplant,Produces 1250 Energy (Hazardous),COR,False,3,1250.0,1885.7142857142856,32000,0.6628787878787878,0.0390625,1500.0,27000.0
corageo,Advanced Geothermal Powerplant,Produces 1250 Energy (Hazardous),COR,False,4,1250.0,1885.7142857142856,32000,0.6628787878787878,0.0390625,1500.0,27000.0
corageo,Advanced Geothermal Powerplant,Produces 1250 Energy (Hazardous),COR,False,5,1250.0,1885.7142857142856,32000,0.6628787878787878,0.0390625,1500.0,27000.0
corageo,Advanced Geothermal Powerplant,Produces 1250 Energy (Hazardous),COR,False,6,1250.0,1885.7142857142856,32000,0.6628787878787878,0.0390625,1500.0,27000.0
corageo,Advanced Geothermal Powerplant,Produces 1250 Energy (Hazardous),COR,False,7,1250.0,1885.7142857142856,32000,0.6628787878787878,0.0390625,1500.0,27000.0
corageo,Advanced Geothermal Powerplant,Produces 1250 Energy (Hazardous),COR,False,8,1250.0,1885.7142857142856,32000,0.6628787878787878,0.0390625,1500.0,27000.0
corageo,Advanced Geothermal Powerplant,Produces 1250 Energy (Hazardous),COR,False,9,1250.0,1885.7142857142856,32000,0.6628787878787878,0.0390625,1500.0,27000.0
corageo,Advanced Geothermal Powerplant,Produces 1250 Energy (Hazardous),COR,False,10,1250.0,1885.7142857142856,32000,0.6628787878787878,0.0390625,1500.0,27000.0
corageo,Advanced Geothermal Powerplant,Produces 1250 Energy (Hazardous),COR,False,11,1250.0,1885.7142857142856,32000,0.6628787878787878,0.0390625,1500.0,27000.0
corageo,Advanced Geothermal Powerplant,Produces 1250 Energy (Hazardous),COR,False,12,1250.0,1885.7142857142856,32000,0.6628787878787878,0.0390625,1500.0,27000.0
corageo,Advanced Geothermal Powerplant,Produces 1250 Energy (Hazardous),COR,False,13,1250.0,1885.7142857142856,32000,0.6628787878787878,0.0390625,1500.0,27000.0
corageo,Advanced Geothermal Powerplant,Produces 1250 Energy (Hazardous),COR,False,14,1250.0,1885.7142857142856,32000,0.6628787878787878,0.0390625,1500.0,27000.0
corageo,Advanced Geothermal Powerplant,Produces 1250 Energy (Hazardous),COR,False,15,1250.0,1885.7142857142856,32000,0.6628787878787878,0.0390625,1500.0,27000.0
corageo,Advanced Geothermal Powerplant,Produces 1250 Energy (Hazardous),COR,False,16,1250.0,1885.7142857142856,32000,0.6628787878787878,0.0390625,1500.0,27000.0
corageo,Advanced Geothermal Powerplant,Produces 1250 Energy (Hazardous),COR,False,17,1250.0,1885.7142857142856,32000,0.6628787878787878,0.0390625,1500.0,27000.0
corageo,Advanced Geothermal Powerplant,Produces 1250 Energy (Hazardous),COR,False,18,1250.0,1885.7142857142856,32000,0.6628787878787878,0.0390625,1500.0,27000.0
corageo,Advanced Geothermal Powerplant,Produces 1250 Energy (Hazardous),COR,False,19,1250.0,1885.7142857142856,32000,0.6628787878787878,0.0390625,1500.0,27000.0
corageo,Advanced Geothermal Powerplant,Produces 1250 Energy (Hazardous),COR,False,20,1250.0,1885.7142857142856,32000,0.6628787878787878,0.0390625,1500.0,27000.0
corageo,Advanced Geothermal Powerplant,Produces 1250 Energy (Hazardous),COR,False,21,1250.0,1885.7142857142856,32000,0.6628787878787878,0.0390625,1500.0,27000.0
corageo,Advanced Geothermal Powerplant,Produces 1250 Energy (Hazardous),COR,False,22,1250.0,1885.7142857142856,32000,0.6628787878787878,0.0390625,1500.0,27000.0
corageo,Advanced Geothermal Powerplant,Produces 1250 Energy (Hazardous),COR,False,23,1250.0,1885.7142857142856,32000,0.6628787878787878,0.0390625,1500.0,27000.0
corageo,Advanced Geothermal Powerplant,Produces 1250 Energy (Hazardous),COR,False,24,1250.0,1885.7142857142856,32000,0.6628787878787878,0.0390625,1500.0,27000.0
corageo,Advanced Geothermal Powerplant,Produces 1250 Energy (Hazardous),COR,False,25,1250.0,1885.7142857142856,32000,0.6628787878787878,0.0390625,1500.0,27000.0
corageo,Advanced Geothermal Powerplant,Produces 1250 Energy (Hazardous),COR,False,26,1250.0,1885.7142857142856,32000,0.6628787878787878,0.0390625,1500.0,27000.0
corageo,Advanced Geothermal Powerplant,Produces 1250 Energy (Hazardous),COR,False,27,1250.0,1885.7142857142856,32000,0.6628787878787878,0.0390625,1500.0,27000.0
corageo,Advanced Geothermal Powerplant,Produces 1250 Energy (Hazardous),COR,False,28,1250.0,1885.7142857142856,32000,0.6628787878787878,0.0390625,1500.0,27000.0
corageo,Advanced Geothermal Powerplant,Produces 1250 Energy (Hazardous),COR,False,29,1250.0,1885.7142857142856,32000,0.6628787878787878,0.0390625,1500.0,27000.0
corageo,Advanced Geothermal Powerplant,Produces 1250 Energy (Hazardous),COR,False,30,1250.0,1885.7142857142856,32000,0.6628787878787878,0.0390625,1500.0,27000.0
corgeo,Geothermal Powerplant,Produces 300 Energy,COR,False,1,300.0,725.7142857142858,12900,0.4133858267716535,0.0232558139534883,540.0,13000.0
corgeo,Geothermal Powerplant,Produces 300 Energy,COR,False,2,300.0,725.7142857142858,12900,0.4133858267716535,0.0232558139534883,540.0,13000.0
corgeo,Geothermal Powerplant,Produces 300 Energy,COR,False,3,300.0,725.7142857142858,12900,0.4133858267716535,0.0232558139534883,540.0,13000.0
corgeo,Geothermal Powerplant,Produces 300 Energy,COR,False,4,300.0,725.7142857142858,12900,0.4133858267716535,0.0232558139534883,540.0,13000.0
corgeo,Geothermal Powerplant,Produces 300 Energy,COR,False,5,300.0,725.7142857142858,12900,0.4133858267716535,0.0232558139534883,540.0,13000.0
corgeo,Geothermal Powerplant,Produces 300 Energy,COR,False,6,300.0,725.7142857142858,12900,0.4133858267716535,0.0232558139534883,540.0,13000.0
corgeo,Geothermal Powerplant,Produces 300 Energy,COR,False,7,300.0,725.7142857142858,12900,0.4133858267716535,0.0232558139534883,540.0,13000.0
corgeo,Geothermal Powerplant,Produces 300 Energy,COR,False,8,300.0,725.7142857142858,12900,0.4133858267716535,0.0232558139534883,540.0,13000.0
corgeo,Geothermal Powerplant,Produces 300 Energy,COR,False,9,300.0,725.7142857142858,12900,0.4133858267716535,0.0232558139534883,540.0,13000.0
corgeo,Geothermal Powerplant,Produces 300 Energy,COR,False,10,300.0,725.7142857142858,12900,0.4133858267716535,0.0232558139534883,540.0,13000.0
corgeo,Geothermal Powerplant,Produces 300 Energy,COR,False,11,300.0,725.7142857142858,12900,0.4133858267716535,0.0232558139534883,540.0,13000.0
corgeo,Geothermal Powerplant,Produces 300 Energy,COR,False,12,300.0,725.7142857142858,12900,0.4133858267716535,0.0232558139534883,540.0,13000.0
corgeo,Geothermal Powerplant,Produces 300 Energy,COR,False,13,300.0,725.7142857142858,12900,0.4133858267716535,0.0232558139534883,540.0,13000.0
corgeo,Geothermal Powerplant,Produces 300 Energy,COR,False,14,300.0,725.7142857142858,12900,0.4133858267716535,0.0232558139534883,540.0,13000.0
corgeo,Geothermal Powerplant,Produces 300 Energy,COR,False,15,300.0,725.7142857142858,12900,0.4133858267716535,0.0232558139534883,540.0,13000.0
corgeo,Geothermal Powerplant,Produces 300 Energy,COR,False,16,300.0,725.7142857142858,12900,0.4133858267716535,0.0232558139534883,540.0,13000.0
corgeo,Geothermal Powerplant,Produces 300 Energy,COR,False,17,300.0,725.7142857142858,12900,0.4133858267716535,0.0232558139534883,540.0,13000.0
corgeo,Geothermal Powerplant,Produces 300 Energy,COR,False,18,300.0,725.7142857142858,12900,0.4133858267716535,0.0232558139534883,540.0,13000.0
corgeo,Geothermal Powerplant,Produces 300 Energy,COR,False,19,300.0,725.7142857142858,12900,0.4133858267716535,0.0232558139534883,540.0,13000.0
corgeo,Geothermal Powerplant,Produces 300 Energy,COR,False,20,300.0,725.7142857142858,12900,0.4133858267716535,0.0232558139534883,540.0,13000.0
corgeo,Geothermal Powerplant,Produces 300 Energy,COR,False,21,300.0,725.7142857142858,12900,0.4133858267716535,0.0232558139534883,540.0,13000.0
corgeo,Geothermal Powerplant,Produces 300 Energy,COR,False,22,300.0,725.7142857142858,12900,0.4133858267716535,0.0232558139534883,540.0,13000.0
corgeo,Geothermal Powerplant,Produces 300 Energy,COR,False,23,300.0,725.7142857142858,12900,0.4133858267716535,0.0232558139534883,540.0,13000.0
corgeo,Geothermal Powerplant,Produces 300 Energy,COR,False,24,300.0,725.7142857142858,12900,0.4133858267716535,0.0232558139534883,540.0,13000.0
corgeo,Geothermal Powerplant,Produces 300 Energy,COR,False,25,300.0,725.7142857142858,12900,0.4133858267716535,0.0232558139534883,540.0,13000.0
corgeo,Geothermal Powerplant,Produces 300 Energy,COR,False,26,300.0,725.7142857142858,12900,0.4133858267716535,0.0232558139534883,540.0,13000.0
corgeo,Geothermal Powerplant,Produces 300 Energy,COR,False,27,300.0,725.7142857142858,12900,0.4133858267716535,0.0232558139534883,540.0,13000.0
corgeo,Geothermal Powerplant,Produces 300 Energy,COR,False,28,300.0,725.7142857142858,12900,0.4133858267716535,0.0232558139534883,540.0,13000.0
corgeo,Geothermal Powerplant,Produces 300 Energy,COR,False,29,300.0,725.7142857142858,12900,0.4133858267716535,0.0232558139534883,540.0,13000.0
corgeo,Geothermal Powerplant,Produces 300 Energy,COR,False,30,300.0,725.7142857142858,12900,0.4133858267716535,0.0232558139534883,540.0,13000.0
corfus,Fusion Reactor,Produces 1100 Energy,COR,False,1,1100.0,4871.428571428572,75400,0.2258064516129032,0.0145888594164456,4500.0,26000.0
corfus,Fusion Reactor,Produces 1100 Energy,COR,False,2,1100.0,4871.428571428572,75400,0.2258064516129032,0.0145888594164456,4500.0,26000.0
corfus,Fusion Reactor,Produces 1100 Energy,COR,False,3,1100.0,4871.428571428572,75400,0.2258064516129032,0.0145888594164456,4500.0,26000.0
corfus,Fusion Reactor,Produces 1100 Energy,COR,False,4,1100.0,4871.428571428572,75400,0.2258064516129032,0.0145888594164456,4500.0,26000.0
corfus,Fusion Reactor,Produces 1100 Energy,COR,False,5,1100.0,4871.428571428572,75400,0.2258064516129032,0.0145888594164456,4500.0,26000.0
corfus,Fusion Reactor,Produces 1100 Energy,COR,False,6,1100.0,4871.428571428572,75400,0.2258064516129032,0.0145888594164456,4500.0,26000.0
corfus,Fusion Reactor,Produces 1100 Energy,COR,False,7,1100.0,4871.428571428572,75400,0.2258064516129032,0.0145888594164456,4500.0,26000.0
corfus,Fusion Reactor,Produces 1100 Energy,COR,False,8,1100.0,4871.428571428572,75400,0.2258064516129032,0.0145888594164456,4500.0,26000.0
corfus,Fusion Reactor,Produces 1100 Energy,COR,False,9,1100.0,4871.428571428572,75400,0.2258064516129032,0.0145888594164456,4500.0,26000.0
corfus,Fusion Reactor,Produces 1100 Energy,COR,False,10,1100.0,4871.428571428572,75400,0.2258064516129032,0.0145888594164456,4500.0,26000.0
corfus,Fusion Reactor,Produces 1100 Energy,COR,False,11,1100.0,4871.428571428572,75400,0.2258064516129032,0.0145888594164456,4500.0,26000.0
corfus,Fusion Reactor,Produces 1100 Energy,COR,False,12,1100.0,4871.428571428572,75400,0.2258064516129032,0.0145888594164456,4500.0,26000.0
corfus,Fusion Reactor,Produces 1100 Energy,COR,False,13,1100.0,4871.428571428572,75400,0.2258064516129032,0.0145888594164456,4500.0,26000.0
corfus,Fusion Reactor,Produces 1100 Energy,COR,False,14,1100.0,4871.428571428572,75400,0.2258064516129032,0.0145888594164456,4500.0,26000.0
corfus,Fusion Reactor,Produces 1100 Energy,COR,False,15,1100.0,4871.428571428572,75400,0.2258064516129032,0.0145888594164456,4500.0,26000.0
corfus,Fusion Reactor,Produces 1100 Energy,COR,False,16,1100.0,4871.428571428572,75400,0.2258064516129032,0.0145888594164456,4500.0,26000.0
corfus,Fusion Reactor,Produces 1100 Energy,COR,False,17,1100.0,4871.428571428572,75400,0.2258064516129032,0.0145888594164456,4500.0,26000.0
corfus,Fusion Reactor,Produces 1100 Energy,COR,False,18,1100.0,4871.428571428572,75400,0.2258064516129032,0.0145888594164456,4500.0,26000.0
corfus,Fusion Reactor,Produces 1100 Energy,COR,False,19,1100.0,4871.428571428572,75400,0.2258064516129032,0.0145888594164456,4500.0,26000.0
corfus,Fusion Reactor,Produces 1100 Energy,COR,False,20,1100.0,4871.428571428572,75400,0.2258064516129032,0.0145888594164456,4500.0,26000.0
corfus,Fusion Reactor,Produces 1100 Energy,COR,False,21,1100.0,4871.428571428572,75400,0.2258064516129032,0.0145888594164456,4500.0,26000.0
corfus,Fusion Reactor,Produces 1100 Energy,COR,False,22,1100.0,4871.428571428572,75400,0.2258064516129032,0.0145888594164456,4500.0,26000.0
corfus,Fusion Reactor,Produces 1100 Energy,COR,False,23,1100.0,4871.428571428572,75400,0.2258064516129032,0.0145888594164456,4500.0,26000.0
corfus,Fusion Reactor,Produces 1100 Energy,COR,False,24,1100.0,4871.428571428572,75400,0.2258064516129032,0.0145888594164456,4500.0,26000.0
corfus,Fusion Reactor,Produces 1100 Energy,COR,False,25,1100.0,4871.428571428572,75400,0.2258064516129032,0.0145888594164456,4500.0,26000.0
corfus,Fusion Reactor,Produces 1100 Energy,COR,False,26,1100.0,4871.428571428572,75400,0.2258064516129032,0.0145888594164456,4500.0,26000.0
corfus,Fusion Reactor,Produces 1100 Energy,COR,False,27,1100.0,4871.428571428572,75400,0.2258064516129032,0.0145888594164456,4500.0,26000.0
corfus,Fusion Reactor,Produces 1100 Energy,COR,False,28,1100.0,4871.428571428572,75400,0.2258064516129032,0.0145888594164456,4500.0,26000.0
corfus,Fusion Reactor,Produces 1100 Energy,COR,False,29,1100.0,4871.428571428572,75400,0.2258064516129032,0.0145888594164456,4500.0,26000.0
corfus,Fusion Reactor,Produces 1100 Energy,COR,False,30,1100.0,4871.428571428572,75400,0.2258064516129032,0.0145888594164456,4500.0,26000.0
coruwfus,Naval Fusion Reactor,Produces 1220 Energy,COR,False,1,1220.0,5885.714285714285,105000,0.2072815533980582,0.0116190476190476,5400.0,34000.0
coruwfus,Naval Fusion Reactor,Produces 1220 Energy,COR,False,2,1220.0,5885.714285714285,105000,0.2072815533980582,0.0116190476190476,5400.0,34000.0
coruwfus,Naval Fusion Reactor,Produces 1220 Energy,COR,False,3,1220.0,5885.714285714285,105000,0.2072815533980582,0.0116190476190476,5400.0,34000.0
coruwfus,Naval Fusion Reactor,Produces 1220 Energy,COR,False,4,1220.0,5885.714285714285,105000,0.2072815533980582,0.0116190476190476,5400.0,34000.0
coruwfus,Naval Fusion Reactor,Produces 1220 Energy,COR,False,5,1220.0,5885.714285714285,105000,0.2072815533980582,0.0116190476190476,5400.0,34000.0
coruwfus,Naval Fusion Reactor,Produces 1220 Energy,COR,False,6,1220.0,5885.714285714285,105000,0.2072815533980582,0.0116190476190476,5400.0,34000.0
coruwfus,Naval Fusion Reactor,Produces 1220 Energy,COR,False,7,1220.0,5885.714285714285,105000,0.2072815533980582,0.0116190476190476,5400.0,34000.0
coruwfus,Naval Fusion Reactor,Produces 1220 Energy,COR,False,8,1220.0,5885.714285714285,105000,0.2072815533980582,0.0116190476190476,5400.0,34000.0
coruwfus,Naval Fusion Reactor,Produces 1220 Energy,COR,False,9,1220.0,5885.714285714285,105000,0.2072815533980582,0.0116190476190476,5400.0,34000.0
coruwfus,Naval Fusion Reactor,Produces 1220 Energy,COR,False,10,1220.0,5885.714285714285,105000,0.2072815533980582,0.0116190476190476,5400.0,34000.0
coruwfus,Naval Fusion Reactor,Produces 1220 Energy,COR,False,11,1220.0,5885.714285714285,105000,0.2072815533980582,0.0116190476190476,5400.0,34000.0
coruwfus,Naval Fusion Reactor,Produces 1220 Energy,COR,False,12,1220.0,5885.714285714285,105000,0.2072815533980582,0.0116190476190476,5400.0,34000.0
coruwfus,Naval Fusion Reactor,Produces 1220 Energy,COR,False,13,1220.0,5885.714285714285,105000,0.2072815533980582,0.0116190476190476,5400.0,34000.0
coruwfus,Naval Fusion Reactor,Produces 1220 Energy,COR,False,14,1220.0,5885.714285714285,105000,0.2072815533980582,0.0116190476190476,5400.0,34000.0
coruwfus,Naval Fusion Reactor,Produces 1220 Energy,COR,False,15,1220.0,5885.714285714285,105000,0.2072815533980582,0.0116190476190476,5400.0,34000.0
coruwfus,Naval Fusion Reactor,Produces 1220 Energy,COR,False,16,1220.0,5885.714285714285,105000,0.2072815533980582,0.0116190476190476,5400.0,34000.0
coruwfus,Naval Fusion Reactor,Produces 1220 Energy,COR,False,17,1220.0,5885.714285714285,105000,0.2072815533980582,0.0116190476190476,5400.0,34000.0
coruwfus,Naval Fusion Reactor,Produces 1220 Energy,COR,False,18,1220.0,5885.714285714285,105000,0.2072815533980582,0.0116190476190476,5400.0,34000.0
coruwfus,Naval Fusion Reactor,Produces 1220 Energy,COR,False,19,1220.0,5885.714285714285,105000,0.2072815533980582,0.0116190476190476,5400.0,34000.0
coruwfus,Naval Fusion Reactor,Produces 1220 Energy,COR,False,20,1220.0,5885.714285714285,105000,0.2072815533980582,0.0116190476190476,5400.0,34000.0
coruwfus,Naval Fusion Reactor,Produces 1220 Energy,COR,False,21,1220.0,5885.714285714285,105000,0.2072815533980582,0.0116190476190476,5400.0,34000.0
coruwfus,Naval Fusion Reactor,Produces 1220 Energy,COR,False,22,1220.0,5885.714285714285,105000,0.2072815533980582,0.0116190476190476,5400.0,34000.0
coruwfus,Naval Fusion Reactor,Produces 1220 Energy,COR,False,23,1220.0,5885.714285714285,105000,0.2072815533980582,0.0116190476190476,5400.0,34000.0
coruwfus,Naval Fusion Reactor,Produces 1220 Energy,COR,False,24,1220.0,5885.714285714285,105000,0.2072815533980582,0.0116190476190476,5400.0,34000.0
coruwfus,Naval Fusion Reactor,Produces 1220 Energy,COR,False,25,1220.0,5885.714285714285,105000,0.2072815533980582,0.0116190476190476,5400.0,34000.0
coruwfus,Naval Fusion Reactor,Produces 1220 Energy,COR,False,26,1220.0,5885.714285714285,105000,0.2072815533980582,0.0116190476190476,5400.0,34000.0
coruwfus,Naval Fusion Reactor,Produces 1220 Energy,COR,False,27,1220.0,5885.714285714285,105000,0.2072815533980582,0.0116190476190476,5400.0,34000.0
coruwfus,Naval Fusion Reactor,Produces 1220 Energy,COR,False,28,1220.0,5885.714285714285,105000,0.2072815533980582,0.0116190476190476,5400.0,34000.0
coruwfus,Naval Fusion Reactor,Produces 1220 Energy,COR,False,29,1220.0,5885.714285714285,105000,0.2072815533980582,0.0116190476190476,5400.0,34000.0
coruwfus,Naval Fusion Reactor,Produces 1220 Energy,COR,False,30,1220.0,5885.714285714285,105000,0.2072815533980582,0.0116190476190476,5400.0,34000.0
cortide,Tidal Generator,Produces Energy (depends on map),COR,True,1,1.0,88.57142857142857,2100,0.0112903225806451,0.0004761904761904,85.0,250.0
cortide,Tidal Generator,Produces Energy (depends on map),COR,True,2,2.0,88.57142857142857,2100,0.0225806451612903,0.0009523809523809,85.0,250.0
cortide,Tidal Generator,Produces Energy (depends on map),COR,True,3,3.0,88.57142857142857,2100,0.0338709677419354,0.0014285714285714,85.0,250.0
cortide,Tidal Generator,Produces Energy (depends on map),COR,True,4,4.0,88.57142857142857,2100,0.0451612903225806,0.0019047619047619,85.0,250.0
cortide,Tidal Generator,Produces Energy (depends on map),COR,True,5,5.0,88.57142857142857,2100,0.0564516129032258,0.0023809523809523,85.0,250.0
cortide,Tidal Generator,Produces Energy (depends on map),COR,True,6,6.0,88.57142857142857,2100,0.0677419354838709,0.0028571428571428,85.0,250.0
cortide,Tidal Generator,Produces Energy (depends on map),COR,True,7,7.0,88.57142857142857,2100,0.0790322580645161,0.0033333333333333,85.0,250.0
cortide,Tidal Generator,Produces Energy (depends on map),COR,True,8,8.0,88.57142857142857,2100,0.0903225806451613,0.0038095238095238,85.0,250.0
cortide,Tidal Generator,Produces Energy (depends on map),COR,True,9,9.0,88.57142857142857,2100,0.1016129032258064,0.0042857142857142,85.0,250.0
cortide,Tidal Generator,Produces Energy (depends on map),COR,True,10,10.0,88.57142857142857,2100,0.1129032258064516,0.0047619047619047,85.0,250.0
cortide,Tidal Generator,Produces Energy (depends on map),COR,True,11,11.0,88.57142857142857,2100,0.1241935483870967,0.0052380952380952,85.0,250.0
cortide,Tidal Generator,Produces Energy (depends on map),COR,True,12,12.0,88.57142857142857,2100,0.1354838709677419,0.0057142857142857,85.0,250.0
cortide,Tidal Generator,Produces Energy (depends on map),COR,True,13,13.0,88.57142857142857,2100,0.1467741935483871,0.0061904761904761,85.0,250.0
cortide,Tidal Generator,Produces Energy (depends on map),COR,True,14,14.0,88.57142857142857,2100,0.1580645161290322,0.0066666666666666,85.0,250.0
cortide,Tidal Generator,Produces Energy (depends on map),COR,True,15,15.0,88.57142857142857,2100,0.1693548387096774,0.0071428571428571,85.0,250.0
cortide,Tidal Generator,Produces Energy (depends on map),COR,True,16,16.0,88.57142857142857,2100,0.1806451612903226,0.0076190476190476,85.0,250.0
cortide,Tidal Generator,Produces Energy (depends on map),COR,True,17,17.0,88.57142857142857,2100,0.1919354838709677,0.008095238095238,85.0,250.0
cortide,Tidal Generator,Produces Energy (depends on map),COR,True,18,18.0,88.57142857142857,2100,0.2032258064516129,0.0085714285714285,85.0,250.0
cortide,Tidal Generator,Produces Energy (depends on map),COR,True,19,19.0,88.57142857142857,2100,0.214516129032258,0.009047619047619,85.0,250.0
cortide,Tidal Generator,Produces Energy (depends on map),COR,True,20,20.0,88.57142857142857,2100,0.2258064516129032,0.0095238095238095,85.0,250.0
cortide,Tidal Generator,Produces Energy (depends on map),COR,True,21,21.0,88.57142857142857,2100,0.2370967741935483,0.01,85.0,250.0
cortide,Tidal Generator,Produces Energy (depends on map),COR,True,22,22.0,88.57142857142857,2100,0.2483870967741935,0.0104761904761904,85.0,250.0
cortide,Tidal Generator,Produces Energy (depends on map),COR,True,23,23.0,88.57142857142857,2100,0.2596774193548387,0.0109523809523809,85.0,250.0
cortide,Tidal Generator,Produces Energy (depends on map),COR,True,24,24.0,88.57142857142857,2100,0.2709677419354839,0.0114285714285714,85.0,250.0
cortide,Tidal Generator,Produces Energy (depends on map),COR,True,25,25.0,88.57142857142857,2100,0.282258064516129,0.0119047619047619,85.0,250.0
cortide,Tidal Generator,Produces Energy (depends on map),COR,True,26,26.0,88.57142857142857,2100,0.2935483870967742,0.0123809523809523,85.0,250.0
cortide,Tidal Generator,Produces Energy (depends on map),COR,True,27,27.0,88.57142857142857,2100,0.3048387096774194,0.0128571428571428,85.0,250.0
cortide,Tidal Generator,Produces Energy (depends on map),COR,True,28,28.0,88.57142857142857,2100,0.3161290322580645,0.0133333333333333,85.0,250.0
cortide,Tidal Generator,Produces Energy (depends on map),COR,True,29,29.0,88.57142857142857,2100,0.3274193548387097,0.0138095238095238,85.0,250.0
cortide,Tidal Generator,Produces Energy (depends on map),COR,True,30,30.0,88.57142857142857,2100,0.3387096774193548,0.0142857142857142,85.0,250.0
armsol,Solar Collector,Produces 20 Energy,ARM,False,1,20.0,421.42857142857144,2600,0.129032258,0.007692308,155.0,0
armsol,Solar Collector,Produces 20 Energy,ARM,False,2,20.0,421.42857142857144,2600,0.129032258,0.007692308,155.0,0
armsol,Solar Collector,Produces 20 Energy,ARM,False,3,20.0,421.42857142857144,2600,0.129032258,0.007692308,155.0,0
armsol,Solar Collector,Produces 20 Energy,ARM,False,4,20.0,421.42857142857144,2600,0.129032258,0.007692308,155.0,0
armsol,Solar Collector,Produces 20 Energy,ARM,False,5,20.0,421.42857142857144,2600,0.129032258,0.007692308,155.0,0
armsol,Solar Collector,Produces 20 Energy,ARM,False,6,20.0,421.42857142857144,2600,0.129032258,0.007692308,155.0,0
armsol,Solar Collector,Produces 20 Energy,ARM,False,7,20.0,421.42857142857144,2600,0.129032258,0.007692308,155.0,0
armsol,Solar Collector,Produces 20 Energy,ARM,False,8,20.0,421.42857142857144,2600,0.129032258,0.007692308,155.0,0
armsol,Solar Collector,Produces 20 Energy,ARM,False,9,20.0,421.42857142857144,2600,0.129032258,0.007692308,155.0,0
armsol,Solar Collector,Produces 20 Energy,ARM,False,10,20.0,421.42857142857144,2600,0.129032258,0.007692308,155.0,0
armsol,Solar Collector,Produces 20 Energy,ARM,False,11,20.0,421.42857142857144,2600,0.129032258,0.007692308,155.0,0
armsol,Solar Collector,Produces 20 Energy,ARM,False,12,20.0,421.42857142857144,2600,0.129032258,0.007692308,155.0,0
armsol,Solar Collector,Produces 20 Energy,ARM,False,13,20.0,421.42857142857144,2600,0.129032258,0.007692308,155.0,0
armsol,Solar Collector,Produces 20 Energy,ARM,False,14,20.0,421.42857142857144,2600,0.129032258,0.007692308,155.0,0
armsol,Solar Collector,Produces 20 Energy,ARM,False,15,20.0,421.42857142857144,2600,0.129032258,0.007692308,155.0,0
armsol,Solar Collector,Produces 20 Energy,ARM,False,16,20.0,421.42857142857144,2600,0.129032258,0.007692308,155.0,0
armsol,Solar Collector,Produces 20 Energy,ARM,False,17,20.0,421.42857142857144,2600,0.129032258,0.007692308,155.0,0
armsol,Solar Collector,Produces 20 Energy,ARM,False,18,20.0,421.42857142857144,2600,0.129032258,0.007692308,155.0,0
armsol,Solar Collector,Produces 20 Energy,ARM,False,19,20.0,421.42857142857144,2600,0.129032258,0.007692308,155.0,0
armsol,Solar Collector,Produces 20 Energy,ARM,False,20,20.0,421.42857142857144,2600,0.129032258,0.007692308,155.0,0
armsol,Solar Collector,Produces 20 Energy,ARM,False,21,20.0,421.42857142857144,2600,0.129032258,0.007692308,155.0,0
armsol,Solar Collector,Produces 20 Energy,ARM,False,22,20.0,421.42857142857144,2600,0.129032258,0.007692308,155.0,0
armsol,Solar Collector,Produces 20 Energy,ARM,False,23,20.0,421.42857142857144,2600,0.129032258,0.007692308,155.0,0
armsol,Solar Collector,Produces 20 Energy,ARM,False,24,20.0,421.42857142857144,2600,0.129032258,0.007692308,155.0,0
armsol,Solar Collector,Produces 20 Energy,ARM,False,25,20.0,421.42857142857144,2600,0.129032258,0.007692308,155.0,0
armsol,Solar Collector,Produces 20 Energy,ARM,False,26,20.0,421.42857142857144,2600,0.129032258,0.007692308,155.0,0
armsol,Solar Collector,Produces 20 Energy,ARM,False,27,20.0,421.42857142857144,2600,0.129032258,0.007692308,155.0,0
armsol,Solar Collector,Produces 20 Energy,ARM,False,28,20.0,421.42857142857144,2600,0.129032258,0.007692308,155.0,0
armsol,Solar Collector,Produces 20 Energy,ARM,False,29,20.0,421.42857142857144,2600,0.129032258,0.007692308,155.0,0
armsol,Solar Collector,Produces 20 Energy,ARM,False,30,20.0,421.42857142857144,2600,0.129032258,0.007692308,155.0,0
corsol,Solar Collector,Produces 20 Energy,COR,False,1,20.0,427.1428571428572,2800,0.133333333,0.007142857,150.0,0
corsol,Solar Collector,Produces 20 Energy,COR,False,2,20.0,427.1428571428572,2800,0.133333333,0.007142857,150.0,0
corsol,Solar Collector,Produces 20 Energy,COR,False,3,20.0,427.1428571428572,2800,0.133333333,0.007142857,150.0,0
corsol,Solar Collector,Produces 20 Energy,COR,False,4,20.0,427.1428571428572,2800,0.133333333,0.007142857,150.0,0
corsol,Solar Collector,Produces 20 Energy,COR,False,5,20.0,427.1428571428572,2800,0.133333333,0.007142857,150.0,0
corsol,Solar Collector,Produces 20 Energy,COR,False,6,20.0,427.1428571428572,2800,0.133333333,0.007142857,150.0,0
corsol,Solar Collector,Produces 20 Energy,COR,False,7,20.0,427.1428571428572,2800,0.133333333,0.007142857,150.0,0
corsol,Solar Collector,Produces 20 Energy,COR,False,8,20.0,427.1428571428572,2800,0.133333333,0.007142857,150.0,0
corsol,Solar Collector,Produces 20 Energy,COR,False,9,20.0,427.1428571428572,2800,0.133333333,0.007142857,150.0,0
corsol,Solar Collector,Produces 20 Energy,COR,False,10,20.0,427.1428571428572,2800,0.133333333,0.007142857,150.0,0
corsol,Solar Collector,Produces 20 Energy,COR,False,11,20.0,427.1428571428572,2800,0.133333333,0.007142857,150.0,0
corsol,Solar Collector,Produces 20 Energy,COR,False,12,20.0,427.1428571428572,2800,0.133333333,0.007142857,150.0,0
corsol,Solar Collector,Produces 20 Energy,COR,False,13,20.0,427.1428571428572,2800,0.133333333,0.007142857,150.0,0
corsol,Solar Collector,Produces 20 Energy,COR,False,14,20.0,427.1428571428572,2800,0.133333333,0.007142857,150.0,0
corsol,Solar Collector,Produces 20 Energy,COR,False,15,20.0,427.1428571428572,2800,0.133333333,0.007142857,150.0,0
corsol,Solar Collector,Produces 20 Energy,COR,False,16,20.0,427.1428571428572,2800,0.133333333,0.007142857,150.0,0
corsol,Solar Collector,Produces 20 Energy,COR,False,17,20.0,427.1428571428572,2800,0.133333333,0.007142857,150.0,0
corsol,Solar Collector,Produces 20 Energy,COR,False,18,20.0,427.1428571428572,2800,0.133333333,0.007142857,150.0,0
corsol,Solar Collector,Produces 20 Energy,COR,False,19,20.0,427.1428571428572,2800,0.133333333,0.007142857,150.0,0
corsol,Solar Collector,Produces 20 Energy,COR,False,20,20.0,427.1428571428572,2800,0.133333333,0.007142857,150.0,0
corsol,Solar Collector,Produces 20 Energy,COR,False,21,20.0,427.1428571428572,2800,0.133333333,0.007142857,150.0,0
corsol,Solar Collector,Produces 20 Energy,COR,False,22,20.0,427.1428571428572,2800,0.133333333,0.007142857,150.0,0
corsol,Solar Collector,Produces 20 Energy,COR,False,23,20.0,427.1428571428572,2800,0.133333333,0.007142857,150.0,0
corsol,Solar Collector,Produces 20 Energy,COR,False,24,20.0,427.1428571428572,2800,0.133333333,0.007142857,150.0,0
corsol,Solar Collector,Produces 20 Energy,COR,False,25,20.0,427.1428571428572,2800,0.133333333,0.007142857,150.0,0
corsol,Solar Collector,Produces 20 Energy,COR,False,26,20.0,427.1428571428572,2800,0.133333333,0.007142857,150.0,0
corsol,Solar Collector,Produces 20 Energy,COR,False,27,20.0,427.1428571428572,2800,0.133333333,0.007142857,150.0,0
corsol,Solar Collector,Produces 20 Energy,COR,False,28,20.0,427.1428571428572,2800,0.133333333,0.007142857,150.0,0
corsol,Solar Collector,Produces 20 Energy,COR,False,29,20.0,427.1428571428572,2800,0.133333333,0.007142857,150.0,0
corsol,Solar Collector,Produces 20 Energy,COR,False,30,20.0,427.1428571428572,2800,0.133333333,0.007142857,150.0,0

